source_provider_name,source_health_system,source_geography,source_service_line,source_market,source_period,source_volume,payer_type,data_source,source_file
HCA,HCA Healthcare,Richmond,Orthopedics,Virginia Demo Market,Q1/2020,1106,Unknown,mock_source_v2,provider_volume_2019_2023.csv
Bon Secours,Bon Secours Mercy Health,Richmond,ONC,Virginia Demo Market,2021 Q1,419,Medicare,mock_source_v2,provider_volume_2019_2023.csv
Privia Health,Privia Health Group,Northern Virginia,Women,Virginia Demo Market,2020-Q2,246,All Payer,mock_source_v2,provider_volume_2019_2023.csv
Carilion,Carilion Clinic,Roanoke,Emergency Services,Virginia Demo Market,2023 Q2,1086,Medicare,mock_source_v2,vol_export_FINAL_v2.csv
vcu health,VCU Health System,Richmond,CARDIOLOGY,Virginia Demo Market,2019 Q3,1014,All Payer,mock_source_v2,provider_volume_2019_2023.csv
Sentara,,Hampton Roads,Orthopedic,Virginia Demo Market,Oct-Dec 2023,1568,All Payer,mock_source_v2,vol_export_FINAL_v2.csv
VCU,VCU Health System,Richmond,ER Services,Virginia Demo Market,Q1/2022,1947,All Payer,mock_source_v2,provider_volume_2019_2023.csv
Loudoun Hospital,Inova Health System,Northern Virginia,Neurological Svcs,Virginia Demo Market,2023-Q2,330,Commercial,mock_source_v2,vol_export_final.csv
U.V.A. Health,UVA Health,Charlottesville,ONCOLOGY,Virginia Demo Market,2020 Q1,1180,Commercial,mock_source_v2,vol_export_final.csv
UVA Healthcare,UVA Health,Charlottesville,BEHAVIORAL HEALTH,Virginia Demo Market,Q1-2023,445,Medicare,mock_source_v2,vol_export_final.csv
UNIVERSITY OF VIRGINIA HEALTH,UVA Health,Charlottesville,Orthopedic,Virginia Demo Market,Q4-2019,798,Medicare,mock_source_v2,vol_export_final.csv
V.C.U. Health,VCU Health System,Richmond,EMERGENCY,Virginia Demo Market,Apr-Jun 2022,1728,Medicaid,mock_source_v2,vol_export_final.csv
CARILION CLINIC,,Roanoke,GASTROENTEROLOGY,Virginia Demo Market,Q2/2021,443,Commercial,mock_source_v2,vol_export_FINAL_v2.csv
PRIVIA HEALTH GROUP,Privia Health Group,Northern Virginia,EMERGENCY,Virginia Demo Market,Q3 2021,104 cases,Medicare,mock_source_v2,vol_export_final.csv
SENTARA,Sentara Healthcare,Hampton Roads,G.I.,Virginia Demo Market,Q4-2020,638,All Payer,mock_source_v2,vol_export_FINAL_v2.csv
Novant Health,Novant Health,Northern Virginia,ONCOLOGY,Virginia Demo Market,Q3-2023,337,All Payer,mock_source_v2,vol_export_final.csv
UVA Healthcare,UVA Health,Charlottesville,emergency services,Virginia Demo Market,2023 Q4,1451,All Payer,mock_source_v2,vol_export_final.csv
Inova Loudoun Hospital,Inova Health System,Northern Virginia,EMERGENCY,Virginia Demo Market,Jan-Mar 2023,ERROR,Commercial,mock_source_v2,provider_volume_2019_2023.csv
Inova Loudoun,Inova Health System,Northern Virginia,womens hlth,Virginia Demo Market,Q3 2020,667,Unknown,mock_source_v2,vol_export_FINAL_v2.csv
UNIVERSITY OF VIRGINIA HEALTH,UVA Health,Charlottesville,NEUROLOGY,Virginia Demo Market,2021-Q3,954,Medicare,mock_source_v2,vol_export_FINAL_v2.csv
sentara hlth,Sentara Healthcare,Hampton Roads,Emergency,Virginia Demo Market,Q2/2022,2402,All Payer,mock_source_v2,provider_volume_2019_2023.csv
medstar health,MedStar Health,DC Metro,cancer,Virginia Demo Market,2023 Q3,1017,All Payer,mock_source_v2,provider_volume_2019_2023.csv
BSMH,Bon Secours Mercy Health,Richmond,Orthopedics,Virginia Demo Market,Q2 2020,576,,mock_source_v2,vol_export_FINAL_v2.csv
BSMH,Bon Secours Mercy Health,Richmond,Musculoskeletal,Virginia Demo Market,Q1/2021,1000,All Payer,mock_source_v2,vol_export_FINAL_v2.csv
MedStar,MedStar Health,DC Metro,gi services,Virginia Demo Market,Q2/2022,647,All Payer,mock_source_v2,provider_volume_2019_2023.csv
Inova Fairfax,Inova Health System,Northern Virginia,GI,Virginia Demo Market,2019 Q3,936,,mock_source_v2,provider_volume_2019_2023.csv
PRIVIA,Privia Health Group,Northern Virginia,women's health,Virginia Demo Market,2021 Q1,534,All Payer,mock_source_v2,provider_volume_2019_2023.csv
Bon Secours Health,Bon Secours Mercy Health,Richmond,MSK,Virginia Demo Market,Q3-2020,962,Medicaid,mock_source_v2,vol_export_final.csv
Novant Health,Novant Health,Northern Virginia,gi services,Virginia Demo Market,Q1-2023,,Commercial,mock_source_v2,provider_volume_2019_2023.csv
BON SECOURS,Bon Secours Mercy Health,Richmond,WOMENS HEALTH,Virginia Demo Market,Q3-2023,1430,Medicare,mock_source_v2,vol_export_final.csv
CARILION CLINIC,Carilion Clinic,Roanoke,Neuro,Virginia Demo Market,Q4/2021,745,All Payer,mock_source_v2,vol_export_final.csv
VCU Medical Center,VCU Health System,Richmond,neurology,Virginia Demo Market,Jul-Sep 2023,"1,622",Commercial,mock_source_v2,vol_export_final.csv
Med Star,MedStar Health,DC Metro,E.D.,Virginia Demo Market,2023-Q2,1986,Medicare,mock_source_v2,vol_export_final.csv
NOVANT HEALTH,Novant Health,Northern Virginia,Psych,Virginia Demo Market,Q3/2020,168,Medicare,mock_source_v2,provider_volume_2019_2023.csv
U.V.A. Health,UVA Health,Charlottesville,gastro,Virginia Demo Market,2023 Q2,555,All Payer,mock_source_v2,vol_export_final.csv
UVA Health,UVA Health,Charlottesville,Oncology,Virginia Demo Market,Q1 2021,1281,All Payer,mock_source_v2,vol_export_FINAL_v2.csv
Sentara Health,Sentara Healthcare,Hampton Roads,Psych,Virginia Demo Market,Q4-2023,481,Medicare,mock_source_v2,provider_volume_2019_2023.csv
MEDSTAR HEALTH,MedStar Health,DC Metro,Ob-Gyn,Virginia Demo Market,2021-Q4,1100,All Payer,mock_source_v2,provider_volume_2019_2023.csv
Carilion Clinic,Carilion Clinic,Roanoke,women's health,Virginia Demo Market,2019-Q4,721,Unknown,mock_source_v2,vol_export_final.csv
PRIVIA,Privia Health Group,Northern Virginia,Cardiac,Virginia Demo Market,2020 Q1,424,Commercial,mock_source_v2,vol_export_FINAL_v2.csv
Luminis,Luminis Health,Maryland,gastro,Virginia Demo Market,Q3/2022,-999,All Payer,mock_source_v2,provider_volume_2019_2023.csv
NOVANT HEALTH,Novant Health,Northern Virginia,Cardiac,Virginia Demo Market,Q2/2020,321,Commercial,mock_source_v2,vol_export_FINAL_v2.csv
luminis health,Luminis Health,Maryland,CARDIOLOGY,Virginia Demo Market,Jul-Sep 2021,611,All Payer,mock_source_v2,vol_export_final.csv
Inova Loudoun,Inova Health System,Northern Virginia,behavioral health,,Q4/2019,160,,mock_source_v2,vol_export_final.csv
PRIVIA HEALTH GROUP,Privia Health Group,Northern Virginia,behav hlth,Virginia Demo Market,Jul-Sep 2019,304,,mock_source_v2,vol_export_FINAL_v2.csv
INOVA Loudoun,Inova Health System,Northern Virginia,Oncology Services,Virginia Demo Market,Apr-Jun 2022,313,,mock_source_v2,vol_export_final.csv
Sentara Healthcare,,Hampton Roads,Womens Health,Virginia Demo Market,Apr-Jun 2020,715,All Payer,mock_source_v2,provider_volume_2019_2023.csv
V.C.U. Health,VCU Health System,Richmond,GI Services,Virginia Demo Market,2019 Q1,555,All Payer,mock_source_v2,vol_export_final.csv
Bon Secours Mercy,Bon Secours Mercy Health,Richmond,Neurology,Virginia Demo Market,Q2 2022,409,,mock_source_v2,vol_export_final.csv
UNIVERSITY OF VIRGINIA HEALTH,UVA Health,Charlottesville,Neurological Svcs,Virginia Demo Market,Apr-Jun 2022,971,All Payer,mock_source_v2,provider_volume_2019_2023.csv
Inova,Inova Health System,Northern Virginia,NEUROLOGY,Virginia Demo Market,Jul-Sep 2020,879,Medicare,mock_source_v2,vol_export_FINAL_v2.csv
InOva,Inova Health System,Northern Virginia,behavioral health,Virginia Demo Market,2023-Q4,810,All Payer,mock_source_v2,vol_export_FINAL_v2.csv
HCA VIRGINIA,HCA Healthcare,Richmond,gastro,Virginia Demo Market,2021 Q1,534,All Payer,mock_source_v2,provider_volume_2019_2023.csv
BON SECOURS,Bon Secours Mercy Health,Richmond,GI Services,Virginia Demo Market,2019-Q2,479,Medicare,mock_source_v2,vol_export_final.csv
INOVA LOUDOUN,Inova Health System,Northern Virginia,ORTHOPEDICS,Virginia Demo Market,Q2 2021,815,,mock_source_v2,vol_export_FINAL_v2.csv
UVA Health,UVA Health,Charlottesville,Cancer Services,Virginia Demo Market,2021-Q3,1263,Medicaid,mock_source_v2,vol_export_FINAL_v2.csv
PRIVIA HEALTH GROUP,Privia Health Group,Northern Virginia,Women's Health,Virginia Demo Market,Q2 2021,581,All Payer,mock_source_v2,vol_export_final.csv
Privia Hlth,Privia Health Group,Northern Virginia,CARDIOLOGY,Virginia Demo Market,Q4 2020,434,Medicare,mock_source_v2,provider_volume_2019_2023.csv
BSMH,Bon Secours Mercy Health,Richmond,Neurology,Virginia Demo Market,Q1-2021,417,,mock_source_v2,vol_export_final.csv
Bon Secours Mercy,Bon Secours Mercy Health,Richmond,WOMENS HEALTH,Virginia Demo Market,2022 Q2,1392,Commercial,mock_source_v2,provider_volume_2019_2023.csv
HCA,HCA Healthcare,Richmond,behav hlth,Virginia Demo Market,Q2/2022,347,,mock_source_v2,vol_export_FINAL_v2.csv
HCA Healthcare VA,HCA Healthcare,Richmond,Heart Services,Virginia Demo Market,Q4-2022,1306,,mock_source_v2,provider_volume_2019_2023.csv
Carilion,Carilion Clinic,Roanoke,Cardiac,Virginia Demo Market,Q3/2023,791,Unknown,mock_source_v2,vol_export_FINAL_v2.csv
uva health,UVA Health,Charlottesville,neuro services,Virginia Demo Market,Q1 2020,870,Medicare,mock_source_v2,vol_export_FINAL_v2.csv
NovantHlth,Novant Health,Northern Virginia,Mental Health,Virginia Demo Market,Q4 2022,237,Unknown,mock_source_v2,vol_export_FINAL_v2.csv
BON SECOURS,Bon Secours Mercy Health,Richmond,OB/GYN,Virginia Demo Market,2021 Q3,1342,Unknown,mock_source_v2,vol_export_final.csv
UVA Health,UVA Health,Charlottesville,neuro services,Virginia Demo Market,Oct-Dec 2020,845,Medicare,mock_source_v2,vol_export_final.csv
hca virginia,HCA Healthcare,Richmond,Mental Health,Virginia Demo Market,Q2/2021,340,All Payer,mock_source_v2,vol_export_FINAL_v2.csv
INOVA LOUDOUN,Inova Health System,Northern Virginia,behav hlth,Virginia Demo Market,2019 Q2,152 cases,Medicaid,mock_source_v2,vol_export_final.csv
Privia,Privia Health Group,Northern Virginia,onc.,Virginia Demo Market,2023-Q2,184,Commercial,mock_source_v2,vol_export_final.csv
SENTARA,Sentara Healthcare,Hampton Roads,CARD,Virginia Demo Market,Q3-2021,1521,All Payer,mock_source_v2,vol_export_final.csv
Inova Fairfax,Inova Health System,Northern Virginia,GI,Virginia Demo Market,2020 Q2,440,All Payer,mock_source_v2,vol_export_final.csv
Inova Loudoun,Inova Health System,Northern Virginia,BH,Virginia Demo Market,Q2-2020,73,Unknown,mock_source_v2,vol_export_FINAL_v2.csv
privia health,Privia Health Group,Northern Virginia,EMERGENCY,Virginia Demo Market,Q2/2023,115,Medicare,mock_source_v2,vol_export_FINAL_v2.csv
Inova Health,,Northern Virginia,Neurology,Virginia Demo Market,2023-Q3,1142.0,Medicare,mock_source_v2,vol_export_final.csv
Privia,,Northern Virginia,Psychiatry,Virginia Demo Market,Q1/2022,392,All Payer,mock_source_v2,vol_export_FINAL_v2.csv
Inova,Inova Health System,Northern Virginia,GI Services,Virginia Demo Market,2021 Q1,854,All Payer,mock_source_v2,vol_export_final.csv
CARILION,Carilion Clinic,Roanoke,oncology,Virginia Demo Market,2019 Q1,598,All Payer,mock_source_v2,vol_export_FINAL_v2.csv
INOVA Loudoun,Inova Health System,Northern Virginia,Neurology,Virginia Demo Market,2022-Q4,337,All Payer,mock_source_v2,vol_export_final.csv
Luminis,Luminis Health,Maryland,WOMENS HEALTH,Virginia Demo Market,Q4/2019,702,Medicaid,mock_source_v2,vol_export_final.csv
Bon Secours Health,Bon Secours Mercy Health,Richmond,Neurology,Virginia Demo Market,Jul-Sep 2022,402,All Payer,mock_source_v2,provider_volume_2019_2023.csv
novant health,Novant Health,Northern Virginia,Women's Health,Virginia Demo Market,2019-Q1,712,All Payer,mock_source_v2,vol_export_FINAL_v2.csv
Inova Health,,Northern Virginia,Ob-Gyn,Virginia Demo Market,Q1-2019,1867,Medicare,mock_source_v2,vol_export_final.csv
Inova Loudoun Hospital,Inova Health System,Northern Virginia,GASTROENTEROLOGY,Virginia Demo Market,Q1/2020,233,,mock_source_v2,provider_volume_2019_2023.csv
Carilion,Carilion Clinic,Roanoke,Oncology,Virginia Demo Market,Apr-Jun 2019,597,Medicare,mock_source_v2,vol_export_final.csv
PRIVIA HEALTH GROUP,Privia Health Group,Northern Virginia,ED,Virginia Demo Market,Jul-Sep 2019,100,Medicare,mock_source_v2,vol_export_FINAL_v2.csv
INOVA,Inova Health System,Northern Virginia,Neurological Svcs,Virginia Demo Market,2022 Q2,1118,Medicare,mock_source_v2,vol_export_final.csv
MedStar Health,MedStar Health,DC Metro,E.D.,Virginia Demo Market,Q2 2020,796,,mock_source_v2,vol_export_FINAL_v2.csv
CARILION,Carilion Clinic,Roanoke,Gastro,Virginia Demo Market,Q3 2019,411,All Payer,mock_source_v2,vol_export_final.csv
Luminis,Luminis Health,Maryland,behav hlth,Virginia Demo Market,Q1-2022,230,Medicaid,mock_source_v2,vol_export_FINAL_v2.csv
NOVANT HEALTH,Novant Health,Northern Virginia,BH,Virginia Demo Market,Q4-2020,192,Commercial,mock_source_v2,vol_export_final.csv
PRIVIA HEALTH GROUP,Privia Health Group,Northern Virginia,onc.,Virginia Demo Market,2019-Q3,156,,mock_source_v2,vol_export_final.csv
bon secours,Bon Secours Mercy Health,Richmond,Psych,Virginia Demo Market,Jan-Mar 2020,195,Unknown,mock_source_v2,vol_export_FINAL_v2.csv
Inova Loudoun,Inova Health System,Northern Virginia,neuro services,Virginia Demo Market,Q2/2020,131,All Payer,mock_source_v2,provider_volume_2019_2023.csv
MEDSTAR,MedStar Health,DC Metro,Behavioral Health,Virginia Demo Market,Q1-2019,519,Unknown,mock_source_v2,provider_volume_2019_2023.csv
VCU HEALTH,VCU Health System,Richmond,Ob-Gyn,Virginia Demo Market,Q1/2022,873.0,Unknown,mock_source_v2,vol_export_final.csv
Med Star,MedStar Health,DC Metro,ONC,Virginia Demo Market,2023 Q4,971,All Payer,mock_source_v2,vol_export_FINAL_v2.csv
CARILION CLINIC,,Roanoke,Musculoskeletal,Virginia Demo Market,Apr-Jun 2022,781,All Payer,mock_source_v2,provider_volume_2019_2023.csv
VCU Medical Center,VCU Health System,Richmond,GASTROENTEROLOGY,Virginia Demo Market,Q4/2019,592,Medicaid,mock_source_v2,provider_volume_2019_2023.csv
Carilion Health,Carilion Clinic,Roanoke,Psychiatry,Virginia Demo Market,2019-Q3,362,All Payer,mock_source_v2,vol_export_FINAL_v2.csv
NOVANT HEALTH,,Northern Virginia,Womens Health,Virginia Demo Market,Q4 2021,745,Unknown,mock_source_v2,vol_export_final.csv
SENTARA HEALTH,,Hampton Roads,Oncology,Virginia Demo Market,Q2 2019,888,Medicare,mock_source_v2,vol_export_FINAL_v2.csv
Virginia Commonwealth,VCU Health System,Richmond,BH,Virginia Demo Market,Q2/2023,1192,Medicaid,mock_source_v2,vol_export_final.csv
medstar health,MedStar Health,DC Metro,GASTROENTEROLOGY,Virginia Demo Market,Q4-2021,613,All Payer,mock_source_v2,provider_volume_2019_2023.csv
UVA Health,UVA Health,Charlottesville,oncology,Virginia Demo Market,Q3 2019,1224,Medicare,mock_source_v2,provider_volume_2019_2023.csv
Carilion,Carilion Clinic,Roanoke,Neurological Svcs,Virginia Demo Market,Q1/2019,702,Medicare,mock_source_v2,vol_export_final.csv
sentara,Sentara Healthcare,Hampton Roads,Gastro,Virginia Demo Market,Q4-2019,706,,mock_source_v2,vol_export_final.csv
BON SECOURS,,Richmond,G.I.,Virginia Demo Market,Q1 2020,426,Medicare,mock_source_v2,vol_export_final.csv
LUMINIS HEALTH,Luminis Health,Maryland,Neuro,Virginia Demo Market,Oct-Dec 2020,311,Medicare,mock_source_v2,vol_export_FINAL_v2.csv
HCA Virginia,HCA Healthcare,Richmond,Cardiac,Virginia Demo Market,2023 Q2,1095,,mock_source_v2,vol_export_final.csv
HCA Healthcare VA,HCA Healthcare,Richmond,Gastro,Virginia Demo Market,Apr-Jun 2022,595,Medicaid,mock_source_v2,vol_export_final.csv
V.C.U. Health,VCU Health System,Richmond,ORTHO,Virginia Demo Market,Jul-Sep 2022,,Medicare,mock_source_v2,vol_export_FINAL_v2.csv
Sentara Health,Sentara Healthcare,Hampton Roads,Neurology,Virginia Demo Market,Q4-2021,844,Unknown,mock_source_v2,vol_export_FINAL_v2.csv
VCU HEALTH,VCU Health System,Richmond,Ob-Gyn,Virginia Demo Market,Q2/2020,379,All Payer,mock_source_v2,vol_export_final.csv
carilion clinic,Carilion Clinic,Roanoke,Gastroenterology,Virginia Demo Market,Q1-2019,394,Medicaid,mock_source_v2,vol_export_FINAL_v2.csv
hca hlth va,HCA Healthcare,Richmond,CARD,Virginia Demo Market,Apr-Jun 2020,481,All Payer,mock_source_v2,vol_export_final.csv
Sentara Healthcare,Sentara Healthcare,Hampton Roads,Cardiology,Virginia Demo Market,Q2/2021,1542,All Payer,mock_source_v2,vol_export_FINAL_v2.csv
privia health,Privia Health Group,Northern Virginia,GI Services,Virginia Demo Market,Apr-Jun 2021,310,All Payer,mock_source_v2,vol_export_FINAL_v2.csv
PRIVIA,Privia Health Group,Northern Virginia,BH,Virginia Demo Market,Oct-Dec 2019,321,All Payer,mock_source_v2,vol_export_final.csv
privia health,Privia Health Group,Northern Virginia,Emergency Services,Virginia Demo Market,Q2 2021,104,Commercial,mock_source_v2,vol_export_final.csv
Novant,Novant Health,Northern Virginia,Psych,Virginia Demo Market,2019-Q3,200,Medicare,mock_source_v2,vol_export_final.csv
bon secours,Bon Secours Mercy Health,Richmond,emergency services,Virginia Demo Market,2019-Q2,1335,All Payer,mock_source_v2,vol_export_final.csv
HCA,HCA Healthcare,Richmond,Heart Services,Virginia Demo Market,Q1 2019,1121,All Payer,mock_source_v2,vol_export_FINAL_v2.csv
INOVA Loudoun,Inova Health System,Northern Virginia,Heart Services,Virginia Demo Market,Q2/2022,630,,mock_source_v2,vol_export_FINAL_v2.csv
HCA Virginia,HCA Healthcare,Richmond,Musculoskeletal,Virginia Demo Market,2022-Q2,1550,Medicare,mock_source_v2,vol_export_final.csv
novant health,Novant Health,Northern Virginia,neuro services,Virginia Demo Market,Oct-Dec 2022,394,All Payer,mock_source_v2,vol_export_final.csv
UVA Healthcare,UVA Health,Charlottesville,Gastroenterology,Virginia Demo Market,Q2 2021,,All Payer,mock_source_v2,vol_export_FINAL_v2.csv
MEDSTAR HEALTH,,DC Metro,ONC,Virginia Demo Market,Q2-2023,995,Medicare,mock_source_v2,vol_export_final.csv
BON SECOURS,Bon Secours Mercy Health,Richmond,CARD,Virginia Demo Market,2022-Q2,888,All Payer,mock_source_v2,vol_export_final.csv
inova health,Inova Health System,Northern Virginia,Gastroenterology,Virginia Demo Market,Q4/2019,912,Commercial,mock_source_v2,vol_export_final.csv
MEDSTAR HEALTH,,DC Metro,ED,Virginia Demo Market,Q4-2022,1997,All Payer,mock_source_v2,vol_export_FINAL_v2.csv
UNIVERSITY OF VIRGINIA HEALTH,UVA Health,Charlottesville,gi services,Virginia Demo Market,2021 Q3,549,All Payer,mock_source_v2,provider_volume_2019_2023.csv
HCA,HCA Healthcare,Richmond,Mental Health,Virginia Demo Market,Jul-Sep 2020,255,Medicare,mock_source_v2,provider_volume_2019_2023.csv
Novant Health,Novant Health,Northern Virginia,neuro services,Virginia Demo Market,2022 Q3,372,,mock_source_v2,vol_export_FINAL_v2.csv
BON SECOURS,Bon Secours Mercy Health,Richmond,ONCOLOGY,Virginia Demo Market,Q2 2023,422,All Payer,mock_source_v2,provider_volume_2019_2023.csv
hca virginia,HCA Healthcare,Richmond,ONCOLOGY,,2023-Q1,493,,mock_source_v2,vol_export_final.csv
MedStar,MedStar Health,DC Metro,Women,Virginia Demo Market,2022-Q3,1213,Medicare,mock_source_v2,vol_export_final.csv
VCU Health,VCU Health System,Richmond,Cardiac,Virginia Demo Market,Q2/2019,1079,Medicare,mock_source_v2,provider_volume_2019_2023.csv
sentara,Sentara Healthcare,Hampton Roads,Gastro,Virginia Demo Market,Q1-2019,667,All Payer,mock_source_v2,vol_export_FINAL_v2.csv
Inova Loudoun Hospital,Inova Health System,Northern Virginia,Cardiac,Virginia Demo Market,Q3/2022,612,Medicare,mock_source_v2,provider_volume_2019_2023.csv
PRIVIA,Privia Health Group,Northern Virginia,MSK,TBD,2020-Q1,326,Medicare,mock_source_v2,vol_export_FINAL_v2.csv
Luminis Health,Luminis Health,Maryland,GASTROENTEROLOGY,TBD,Q2/2022,319,All Payer,mock_source_v2,vol_export_FINAL_v2.csv
bon secours,Bon Secours Mercy Health,Richmond,women's health,Virginia Demo Market,Q4 2021,1266.0,Unknown,mock_source_v2,vol_export_FINAL_v2.csv
inova health,Inova Health System,Northern Virginia,ORTHOPEDICS,Virginia Demo Market,Apr-Jun 2019,2941,Unknown,mock_source_v2,vol_export_final.csv
Novant Health,Novant Health,Northern Virginia,behav hlth,Unknown,2023 Q1,234,All Payer,mock_source_v2,vol_export_FINAL_v2.csv
UVA Healthcare,UVA Health,Charlottesville,Cardiology,Virginia Demo Market,Q4-2021,1093,All Payer,mock_source_v2,vol_export_FINAL_v2.csv
carilion clinic,Carilion Clinic,Roanoke,EMERGENCY,Virginia Demo Market,Q4 2019,1101,All Payer,mock_source_v2,vol_export_FINAL_v2.csv
Sentara Healthcare,Sentara Healthcare,Hampton Roads,GI,Virginia Demo Market,2020 Q2,331,Unknown,mock_source_v2,vol_export_final.csv
inova,Inova Health System,Northern Virginia,Emergency,Virginia Demo Market,Q4/2021,3671,Medicare,mock_source_v2,vol_export_final.csv
Sentara,Sentara Healthcare,Hampton Roads,WOMENS HEALTH,Virginia Demo Market,Q1 2020,1544,All Payer,mock_source_v2,vol_export_final.csv
VCU HEALTH,VCU Health System,Richmond,WOMENS HEALTH,Virginia Demo Market,2020-Q4,-999,Commercial,mock_source_v2,vol_export_FINAL_v2.csv
HCA Healthcare VA,HCA Healthcare,Richmond,cardiac services,Virginia Demo Market,Q1 2022,1255,All Payer,mock_source_v2,vol_export_final.csv
Luminis Health,Luminis Health,Maryland,Orthopedic,Virginia Demo Market,Q2-2022,670,All Payer,mock_source_v2,provider_volume_2019_2023.csv
Sentara,Sentara Healthcare,Hampton Roads,CARDIOLOGY,Virginia Demo Market,Apr-Jun 2020,655,All Payer,mock_source_v2,provider_volume_2019_2023.csv
inova loudoun,Inova Health System,Northern Virginia,Cardiac,Virginia Demo Market,Q1-2021,651,Medicaid,mock_source_v2,provider_volume_2019_2023.csv
PRIVIA HEALTH GROUP,Privia Health Group,Northern Virginia,Womens Health,Virginia Demo Market,Apr-Jun 2019,522.0,Unknown,mock_source_v2,vol_export_final.csv
Privia Hlth,Privia Health Group,Northern Virginia,Heart Services,Virginia Demo Market,Q1 2022,,Medicare,mock_source_v2,vol_export_FINAL_v2.csv
Carilion Clinic,Carilion Clinic,Roanoke,onc.,Virginia Demo Market,Q2 2023,643.0,Medicare,mock_source_v2,provider_volume_2019_2023.csv
Bon Secours Health,Bon Secours Mercy Health,Richmond,orthopaedics,Virginia Demo Market,Q3 2021,1231,,mock_source_v2,vol_export_FINAL_v2.csv
SENTARA,,Hampton Roads,OB/GYN,Virginia Demo Market,2022 Q3,1692,Medicaid,mock_source_v2,provider_volume_2019_2023.csv
Bon Secours Mercy,Bon Secours Mercy Health,Richmond,Orthopedic,Virginia Demo Market,Oct-Dec 2021,1036,All Payer,mock_source_v2,vol_export_FINAL_v2.csv
UNIVERSITY OF VIRGINIA HEALTH,UVA Health,Charlottesville,Emerg Svcs,Virginia Demo Market,Oct-Dec 2021,1438,Medicaid,mock_source_v2,provider_volume_2019_2023.csv
VCU,VCU Health System,Richmond,GI Services,Virginia Demo Market,Q4-2021,586,Commercial,mock_source_v2,provider_volume_2019_2023.csv
HCA VIRGINIA,HCA Healthcare,Richmond,neurology,Virginia Demo Market,Q2/2019,474,All Payer,mock_source_v2,provider_volume_2019_2023.csv
SENTARA HEALTH,Sentara Healthcare,Hampton Roads,cardiac services,Virginia Demo Market,Q2/2023,1696,All Payer,mock_source_v2,provider_volume_2019_2023.csv
vcu,VCU Health System,Richmond,Cardiac,Virginia Demo Market,2022 Q1,1227,Medicaid,mock_source_v2,vol_export_final.csv
Inova Loudoun,Inova Health System,Northern Virginia,orthopaedics,Virginia Demo Market,2019 Q3,746,Medicaid,mock_source_v2,provider_volume_2019_2023.csv
Carilion,Carilion Clinic,Roanoke,Psychiatry,Virginia Demo Market,2019 Q4,363,All Payer,mock_source_v2,provider_volume_2019_2023.csv
Inova Loudoun Hospital,Inova Health System,Northern Virginia,Neuro,Virginia Demo Market,Q4-2019,322,All Payer,mock_source_v2,provider_volume_2019_2023.csv
sentara hlth,Sentara Healthcare,Hampton Roads,neurology,Virginia Demo Market,Jul-Sep 2021,752,All Payer,mock_source_v2,vol_export_FINAL_v2.csv
Carilion Clinic,Carilion Clinic,Roanoke,Cancer Services,National,Jul-Sep 2021,601,All Payer,mock_source_v2,vol_export_FINAL_v2.csv
Carilion Clinic,Carilion Clinic,Roanoke,Heart Services,Virginia Demo Market,Q1-2019,872,,mock_source_v2,vol_export_final.csv
VCU Medical Center,VCU Health System,Richmond,OB/GYN,Virginia Demo Market,Q3/2022,855,All Payer,mock_source_v2,vol_export_final.csv
HCA VIRGINIA,HCA Healthcare,Richmond,Orthopedic,Virginia Demo Market,Q2 2021,1472,Medicare,mock_source_v2,vol_export_final.csv
uva health,UVA Health,Charlottesville,NEUROLOGY,Virginia Demo Market,2023-Q4,1061,Medicare,mock_source_v2,vol_export_final.csv
Inova,Inova Health System,Northern Virginia,EMERGENCY,Virginia Demo Market,2020-Q4,2976,All Payer,mock_source_v2,provider_volume_2019_2023.csv
Inova Loudoun Hospital,Inova Health System,Northern Virginia,Orthopedic,Virginia Demo Market,Q1-2020,602,All Payer,mock_source_v2,vol_export_final.csv
UVA Health,,Charlottesville,card.,Virginia Demo Market,Oct-Dec 2020,920,Medicare,mock_source_v2,vol_export_FINAL_v2.csv
Carilion Clinic,Carilion Clinic,Roanoke,Women's Health,Virginia Demo Market,2020 Q3,620,All Payer,mock_source_v2,vol_export_final.csv
UVA,UVA Health,Charlottesville,WOMENS HEALTH,Virginia Demo Market,2020-Q1,877,Medicaid,mock_source_v2,vol_export_final.csv
bon secours,Bon Secours Mercy Health,Richmond,BH,Virginia Demo Market,Jan-Mar 2019,208 cases,,mock_source_v2,provider_volume_2019_2023.csv
Luminis Hlth,Luminis Health,Maryland,ED,Virginia Demo Market,Q1-2023,1058,All Payer,mock_source_v2,vol_export_FINAL_v2.csv
NovantHlth,Novant Health,Northern Virginia,CARDIOLOGY,Virginia Demo Market,Oct-Dec 2021,867,Medicare,mock_source_v2,vol_export_final.csv
V.C.U. Health,VCU Health System,Richmond,GI,Virginia Demo Market,2020 Q3,474,Medicaid,mock_source_v2,vol_export_FINAL_v2.csv
luminis health,Luminis Health,Maryland,gi services,Virginia Demo Market,Q4-2022,300,Unknown,mock_source_v2,vol_export_final.csv
MEDSTAR,MedStar Health,DC Metro,Women's Health,,2019-Q3,"1,112",Commercial,mock_source_v2,vol_export_FINAL_v2.csv
Luminis Health,Luminis Health,Maryland,CARD,Virginia Demo Market,2019-Q2,636,All Payer,mock_source_v2,vol_export_FINAL_v2.csv
HCA Virginia,HCA Healthcare,Richmond,oncology,Virginia Demo Market,2022 Q4,524,Commercial,mock_source_v2,vol_export_final.csv
vcu health,VCU Health System,Richmond,women's health,Virginia Demo Market,2023 Q4,856,All Payer,mock_source_v2,vol_export_FINAL_v2.csv
Bon Secours Health,Bon Secours Mercy Health,Richmond,Cardiac,Virginia Demo Market,2020 Q1,926,All Payer,mock_source_v2,vol_export_FINAL_v2.csv
inova health,,Northern Virginia,emergency services,Virginia Demo Market,Apr-Jun 2022,3304.0,Medicaid,mock_source_v2,vol_export_final.csv
Privia Hlth,Privia Health Group,Northern Virginia,GI,Virginia Demo Market,Q2 2019,270,Medicaid,mock_source_v2,provider_volume_2019_2023.csv
CARILION,Carilion Clinic,Roanoke,GASTROENTEROLOGY,Virginia Demo Market,Q4-2019,387,,mock_source_v2,vol_export_FINAL_v2.csv
VCU Health,VCU Health System,Richmond,neurology,Virginia Demo Market,2021-Q3,1488,Unknown,mock_source_v2,vol_export_FINAL_v2.csv
MEDSTAR,MedStar Health,DC Metro,ORTHOPEDICS,Virginia Demo Market,Q2-2019,1173,,mock_source_v2,vol_export_FINAL_v2.csv
HCA,HCA Healthcare,Richmond,Neurological Svcs,Virginia Demo Market,2023-Q3,517,Commercial,mock_source_v2,vol_export_FINAL_v2.csv
Inova Loudoun Hospital,Inova Health System,Northern Virginia,ER Services,Virginia Demo Market,2019 Q3,880,All Payer,mock_source_v2,vol_export_final.csv
NovantHlth,Novant Health,Northern Virginia,GI,Virginia Demo Market,Q3 2022,325,All Payer,mock_source_v2,vol_export_FINAL_v2.csv
Bon Secours Health,Bon Secours Mercy Health,Richmond,OB/GYN,National,2020-Q1,1182,Medicare,mock_source_v2,vol_export_FINAL_v2.csv
INOVA HEALTH SYSTEM,Inova Health System,Northern Virginia,Neuro,Virginia Demo Market,2022-Q4,1218,,mock_source_v2,provider_volume_2019_2023.csv
INOVA LOUDOUN,,Northern Virginia,Ob-Gyn,Virginia Demo Market,Q3-2022,869,Commercial,mock_source_v2,vol_export_FINAL_v2.csv
luminis health,,Maryland,Neurological Svcs,Virginia Demo Market,2021 Q1,370,All Payer,mock_source_v2,vol_export_FINAL_v2.csv
uva health,UVA Health,Charlottesville,Neurology,Virginia Demo Market,2023 Q1,997,Medicare,mock_source_v2,vol_export_FINAL_v2.csv
NOVANT,Novant Health,Northern Virginia,Emerg Svcs,Virginia Demo Market,Jan-Mar 2022,1067,Medicaid,mock_source_v2,vol_export_FINAL_v2.csv
Inova Loudoun Hospital,Inova Health System,Northern Virginia,Oncology,Virginia Demo Market,Q3/2023,321,,mock_source_v2,provider_volume_2019_2023.csv
PRIVIA HEALTH GROUP,Privia Health Group,Northern Virginia,EMERGENCY,Virginia Demo Market,2019-Q2,94,Medicaid,mock_source_v2,provider_volume_2019_2023.csv
medstar health,MedStar Health,DC Metro,BEHAVIORAL HEALTH,Virginia Demo Market,Q3 2023,604,Medicare,mock_source_v2,provider_volume_2019_2023.csv
Sentara Healthcare,Sentara Healthcare,Hampton Roads,WOMENS HEALTH,Virginia Demo Market,Q2-2023,1753,Medicare,mock_source_v2,provider_volume_2019_2023.csv
sentara,Sentara Healthcare,Hampton Roads,CARDIOLOGY,Virginia Demo Market,Q4-2022,1851,Medicaid,mock_source_v2,vol_export_FINAL_v2.csv
LUMINIS,Luminis Health,Maryland,Heart Services,Virginia Demo Market,Q3-2023,623,Medicare,mock_source_v2,provider_volume_2019_2023.csv
INOVA Loudoun,,Northern Virginia,Gastro,Virginia Demo Market,Q3-2023,266,All Payer,mock_source_v2,provider_volume_2019_2023.csv
U.V.A. Health,,Charlottesville,Gastroenterology,Virginia Demo Market,Jul-Sep 2019,511,Medicare,mock_source_v2,vol_export_final.csv
inova health,Inova Health System,Northern Virginia,Gastroenterology,Virginia Demo Market,Oct-Dec 2022,911,Commercial,mock_source_v2,vol_export_FINAL_v2.csv
bon secours,Bon Secours Mercy Health,Richmond,Orthopedics,Virginia Demo Market,Q1/2023,1084,All Payer,mock_source_v2,vol_export_final.csv
NovantHlth,Novant Health,Northern Virginia,Emergency,Virginia Demo Market,Jan-Mar 2021,1011,All Payer,mock_source_v2,vol_export_final.csv
Inova Health,,Northern Virginia,gastro,Virginia Demo Market,Q2/2021,961,Unknown,mock_source_v2,vol_export_final.csv
Inova Loudoun,Inova Health System,Northern Virginia,Orthopedic,Virginia Demo Market,2023 Q3,834,Commercial,mock_source_v2,provider_volume_2019_2023.csv
Virginia Commonwealth,VCU Health System,Richmond,MSK,Virginia Demo Market,2023-Q2,1090,Medicaid,mock_source_v2,provider_volume_2019_2023.csv
VCU,VCU Health System,Richmond,NEUROLOGY,Virginia Demo Market,2023-Q4,1703,,mock_source_v2,vol_export_final.csv
VCU Medical Center,VCU Health System,Richmond,GI,Virginia Demo Market,2022 Q2,629,Medicare,mock_source_v2,provider_volume_2019_2023.csv
CARILION CLINIC,Carilion Clinic,Roanoke,OB/GYN,Virginia Demo Market,Q1/2022,755,All Payer,mock_source_v2,provider_volume_2019_2023.csv
medstar health,MedStar Health,DC Metro,NEUROLOGY,Virginia Demo Market,Jan-Mar 2021,825,All Payer,mock_source_v2,provider_volume_2019_2023.csv
hca hlth va,HCA Healthcare,Richmond,BH,Virginia Demo Market,Q4 2020,277.0,Medicare,mock_source_v2,provider_volume_2019_2023.csv
NovantHlth,,Northern Virginia,Cardiology,Virginia Demo Market,2021-Q1,790,Medicaid,mock_source_v2,vol_export_final.csv
SENTARA HEALTH,Sentara Healthcare,Hampton Roads,Women's Health,Virginia Demo Market,Q1/2021,1600,,mock_source_v2,provider_volume_2019_2023.csv
hca virginia,HCA Healthcare,Richmond,BH,Virginia Demo Market,Q1 2022,343,Medicaid,mock_source_v2,provider_volume_2019_2023.csv
CARILION CLINIC,Carilion Clinic,Roanoke,gastro,Virginia Demo Market,Jan-Mar 2022,384,Medicaid,mock_source_v2,vol_export_FINAL_v2.csv
hca virginia,HCA Healthcare,Richmond,gi services,Virginia Demo Market,Q2-2020,256,Commercial,mock_source_v2,vol_export_FINAL_v2.csv
Privia,Privia Health Group,Northern Virginia,ONCOLOGY,Virginia Demo Market,Q4-2023,195.0,Medicare,mock_source_v2,vol_export_final.csv
INOVA LOUDOUN,Inova Health System,Northern Virginia,Gastro,Virginia Demo Market,Q2/2022,272,All Payer,mock_source_v2,vol_export_final.csv
Privia Hlth,Privia Health Group,Northern Virginia,Psych,Virginia Demo Market,Q3 2022,394,Medicare,mock_source_v2,vol_export_FINAL_v2.csv
NovantHlth,Novant Health,Northern Virginia,ER Services,Virginia Demo Market,2023 Q3,937,,mock_source_v2,provider_volume_2019_2023.csv
INOVA LOUDOUN,Inova Health System,Northern Virginia,Behavioral Health,Virginia Demo Market,2022-Q4,181,Medicare,mock_source_v2,vol_export_FINAL_v2.csv
Carilion Clinic,Carilion Clinic,Roanoke,Orthopedics,Virginia Demo Market,Oct-Dec 2022,667 cases,Medicare,mock_source_v2,vol_export_final.csv
LUMINIS HEALTH,Luminis Health,Maryland,Womens Health,Virginia Demo Market,2023 Q3,755,Medicare,mock_source_v2,vol_export_final.csv
luminis health,Luminis Health,Maryland,gastro,Virginia Demo Market,2020 Q2,144,Commercial,mock_source_v2,provider_volume_2019_2023.csv
Med Star,MedStar Health,DC Metro,oncology,Virginia Demo Market,2020 Q1,876,Commercial,mock_source_v2,provider_volume_2019_2023.csv
Virginia Commonwealth,VCU Health System,Richmond,Gastroenterology,Virginia Demo Market,Q4/2020,542,All Payer,mock_source_v2,provider_volume_2019_2023.csv
Privia Hlth,Privia Health Group,Northern Virginia,neurology,Virginia Demo Market,2021 Q2,229,Medicare,mock_source_v2,vol_export_final.csv
Inova Loudoun Hospital,Inova Health System,Northern Virginia,ortho,Virginia Demo Market,Q2-2020,345,All Payer,mock_source_v2,provider_volume_2019_2023.csv
Luminis Hlth,Luminis Health,Maryland,behav hlth,Virginia Demo Market,2022 Q3,235,Unknown,mock_source_v2,vol_export_final.csv
Luminis Health,Luminis Health,Maryland,ONCOLOGY,Virginia Demo Market,2020 Q1,379,Medicare,mock_source_v2,provider_volume_2019_2023.csv
HCA Healthcare VA,HCA Healthcare,Richmond,ORTHOPEDICS,Virginia Demo Market,Q4 2022,1268,,mock_source_v2,vol_export_final.csv
PRIVIA HEALTH GROUP,Privia Health Group,Northern Virginia,Cancer Services,Virginia Demo Market,2022 Q3,171,All Payer,mock_source_v2,vol_export_FINAL_v2.csv
inova loudoun,Inova Health System,Northern Virginia,orthopaedics,Virginia Demo Market,Q4-2020,595,All Payer,mock_source_v2,vol_export_final.csv
BSMH,Bon Secours Mercy Health,Richmond,CARDIOLOGY,Virginia Demo Market,Q3/2023,884,Medicaid,mock_source_v2,provider_volume_2019_2023.csv
Privia Hlth,Privia Health Group,Northern Virginia,GI Services,Virginia Demo Market,Apr-Jun 2020,133,All Payer,mock_source_v2,vol_export_FINAL_v2.csv
HCA VIRGINIA,HCA Healthcare,Richmond,GI Services,Virginia Demo Market,Q3/2021,566,All Payer,mock_source_v2,vol_export_FINAL_v2.csv
Bon Secours,Bon Secours Mercy Health,Richmond,EMERGENCY,Virginia Demo Market,Q3-2020,1028,All Payer,mock_source_v2,vol_export_FINAL_v2.csv
Carilion,,Roanoke,Oncology,Virginia Demo Market,2019 Q4,593,All Payer,mock_source_v2,vol_export_FINAL_v2.csv
Luminis,Luminis Health,Maryland,onc.,Virginia Demo Market,Q3/2022,402,All Payer,mock_source_v2,provider_volume_2019_2023.csv
HCA VIRGINIA,HCA Healthcare,Richmond,ED,Virginia Demo Market,Q1/2019,2325,,mock_source_v2,vol_export_final.csv
Carilion Clinic,Carilion Clinic,Roanoke,GI,Virginia Demo Market,Q4-2020,348 cases,Unknown,mock_source_v2,provider_volume_2019_2023.csv
HCA,HCA Healthcare,Richmond,Oncology,Virginia Demo Market,Oct-Dec 2019,505,Commercial,mock_source_v2,vol_export_FINAL_v2.csv
Carilion,Carilion Clinic,Roanoke,EMERGENCY,Virginia Demo Market,Apr-Jun 2020,457,All Payer,mock_source_v2,vol_export_FINAL_v2.csv
HCA Virginia,HCA Healthcare,Richmond,Ob-Gyn,Virginia Demo Market,Q3/2022,1078,All Payer,mock_source_v2,provider_volume_2019_2023.csv
Privia Health,Privia Health Group,Northern Virginia,Emerg Svcs,Virginia Demo Market,Q1/2019,109,Unknown,mock_source_v2,provider_volume_2019_2023.csv
BSMH,Bon Secours Mercy Health,Richmond,women's health,Virginia Demo Market,Q3/2019,1329,,mock_source_v2,vol_export_FINAL_v2.csv
privia health,Privia Health Group,Northern Virginia,gi services,National,2022-Q3,330,All Payer,mock_source_v2,vol_export_FINAL_v2.csv
HCA Virginia,,Richmond,Women's Health,Virginia Demo Market,2019-Q4,988,All Payer,mock_source_v2,provider_volume_2019_2023.csv
Carilion Health,Carilion Clinic,Roanoke,Women,,Q2 2020,342,All Payer,mock_source_v2,vol_export_FINAL_v2.csv
VCU Medical Center,VCU Health System,Richmond,Psych,Virginia Demo Market,Q2/2021,"1,080",,mock_source_v2,provider_volume_2019_2023.csv
medstar health,MedStar Health,DC Metro,neuro services,Virginia Demo Market,Q4/2020,739,All Payer,mock_source_v2,vol_export_final.csv
Virginia Commonwealth,VCU Health System,Richmond,Ob-Gyn,Virginia Demo Market,Jul-Sep 2019,855,All Payer,mock_source_v2,vol_export_final.csv
Novant,,Northern Virginia,Cancer Services,Virginia Demo Market,Oct-Dec 2019,292,All Payer,mock_source_v2,provider_volume_2019_2023.csv
MedStar,MedStar Health,DC Metro,Musculoskeletal,Virginia Demo Market,Q3-2023,1357,All Payer,mock_source_v2,vol_export_final.csv
Carilion,Carilion Clinic,Roanoke,oncology,Virginia Demo Market,Q3/2019,582,Commercial,mock_source_v2,vol_export_FINAL_v2.csv
Carilion Clinic,Carilion Clinic,Roanoke,Gastro,Virginia Demo Market,Q2 2022,416,All Payer,mock_source_v2,vol_export_FINAL_v2.csv
Privia Health,Privia Health Group,Northern Virginia,Heart Services,Virginia Demo Market,Jul-Sep 2019,383,Medicare,mock_source_v2,vol_export_FINAL_v2.csv
Privia,Privia Health Group,Northern Virginia,Musculoskeletal,Virginia Demo Market,2023-Q2,531,All Payer,mock_source_v2,vol_export_FINAL_v2.csv
Bon Secours Mercy,Bon Secours Mercy Health,Richmond,G.I.,Virginia Demo Market,Oct-Dec 2019,435,All Payer,mock_source_v2,provider_volume_2019_2023.csv
LUMINIS HEALTH,Luminis Health,Maryland,MSK,Virginia Demo Market,Q1-2021,555,Commercial,mock_source_v2,vol_export_final.csv
Carilion,Carilion Clinic,Roanoke,GASTROENTEROLOGY,Virginia Demo Market,Jul-Sep 2021,427,All Payer,mock_source_v2,vol_export_final.csv
Bon Secours Mercy,Bon Secours Mercy Health,Richmond,E.D.,Virginia Demo Market,2023-Q3,1421,All Payer,mock_source_v2,provider_volume_2019_2023.csv
SENTARA HEALTH,Sentara Healthcare,Hampton Roads,women's health,Virginia Demo Market,Q1-2022,1576,Medicare,mock_source_v2,vol_export_final.csv
Luminis Health,Luminis Health,Maryland,E.D.,Virginia Demo Market,Q2 2020,388,Medicare,mock_source_v2,vol_export_FINAL_v2.csv
medstar health,MedStar Health,DC Metro,emergency services,Virginia Demo Market,2021 Q2,1814,Medicare,mock_source_v2,vol_export_final.csv
bon secours,Bon Secours Mercy Health,Richmond,oncology,TBD,Q3/2021,419,All Payer,mock_source_v2,vol_export_FINAL_v2.csv
LUMINIS HEALTH,Luminis Health,Maryland,ER Services,Virginia Demo Market,Q4/2020,829,Medicare,mock_source_v2,vol_export_final.csv
hca virginia,HCA Healthcare,Richmond,cardiac services,Virginia Demo Market,Apr-Jun 2019,"1,083",All Payer,mock_source_v2,vol_export_FINAL_v2.csv
BSMH,,Richmond,NEURO,Virginia Demo Market,Q3-2019,403,All Payer,mock_source_v2,vol_export_final.csv
BON SECOURS,Bon Secours Mercy Health,Richmond,card.,Virginia Demo Market,Oct-Dec 2019,1005,,mock_source_v2,vol_export_final.csv
Bon Secours Mercy,Bon Secours Mercy Health,Richmond,Orthopedics,Virginia Demo Market,Apr-Jun 2023,1309,Unknown,mock_source_v2,vol_export_FINAL_v2.csv
MEDSTAR,MedStar Health,DC Metro,Gastroenterology,Virginia Demo Market,Q1 2021,581 cases,All Payer,mock_source_v2,provider_volume_2019_2023.csv
Carilion Clinic,Carilion Clinic,Roanoke,ONCOLOGY,Virginia Demo Market,Q4 2022,613,Medicare,mock_source_v2,provider_volume_2019_2023.csv
Privia Hlth,Privia Health Group,Northern Virginia,cardiac services,Virginia Demo Market,2019 Q1,409,Commercial,mock_source_v2,vol_export_FINAL_v2.csv
Inova Health,Inova Health System,Northern Virginia,E.D.,Virginia Demo Market,Q1-2023,4759,Unknown,mock_source_v2,vol_export_FINAL_v2.csv
VCU Health,VCU Health System,Richmond,gastro,Virginia Demo Market,Q2 2023,670,,mock_source_v2,vol_export_FINAL_v2.csv
CARILION,,Roanoke,emergency services,Virginia Demo Market,Q1/2019,1145,All Payer,mock_source_v2,vol_export_FINAL_v2.csv
Carilion,,Roanoke,behavioral health,Virginia Demo Market,Jan-Mar 2021,378,All Payer,mock_source_v2,vol_export_final.csv
Luminis Health,Luminis Health,Maryland,CARD,Virginia Demo Market,Jul-Sep 2019,592,All Payer,mock_source_v2,vol_export_final.csv
Privia,Privia Health Group,Northern Virginia,emergency services,Virginia Demo Market,Q3-2022,114,Medicare,mock_source_v2,vol_export_final.csv
Sentara Healthcare,Sentara Healthcare,Hampton Roads,EMERGENCY,Virginia Demo Market,Apr-Jun 2023,2507,Medicare,mock_source_v2,vol_export_final.csv
vcu,VCU Health System,Richmond,NEUROLOGY,Virginia Demo Market,Q4/2020,1351,All Payer,mock_source_v2,provider_volume_2019_2023.csv
Privia Hlth,Privia Health Group,Northern Virginia,Emergency,Virginia Demo Market,Q4 2022,119,All Payer,mock_source_v2,provider_volume_2019_2023.csv
LUMINIS HEALTH,Luminis Health,Maryland,cancer,Virginia Demo Market,2020-Q4,368,All Payer,mock_source_v2,vol_export_FINAL_v2.csv
privia health,,Northern Virginia,behavioral health,Virginia Demo Market,Q3/2021,372,Medicare,mock_source_v2,provider_volume_2019_2023.csv
Luminis,Luminis Health,Maryland,Cardiology,Virginia Demo Market,Q4/2019,705,All Payer,mock_source_v2,vol_export_final.csv
Inova Health,Inova Health System,Northern Virginia,ortho,Virginia Demo Market,2021 Q3,2653.0,All Payer,mock_source_v2,vol_export_final.csv
V.C.U. Health,VCU Health System,Richmond,Orthopedic,Virginia Demo Market,Q1/2023,928,Medicare,mock_source_v2,vol_export_final.csv
Inova Loudoun Hospital,Inova Health System,Northern Virginia,onc.,Virginia Demo Market,Jan-Mar 2020,297,Medicare,mock_source_v2,vol_export_FINAL_v2.csv
VCU Health,VCU Health System,Richmond,Women's Health,Virginia Demo Market,2019 Q4,851,All Payer,mock_source_v2,provider_volume_2019_2023.csv
PRIVIA,Privia Health Group,Northern Virginia,ORTHOPEDICS,Virginia Demo Market,Q1/2019,306,Medicare,mock_source_v2,vol_export_final.csv
Bon Secours,Bon Secours Mercy Health,Richmond,Emerg Svcs,Virginia Demo Market,2021 Q3,,Medicare,mock_source_v2,vol_export_final.csv
INOVA,Inova Health System,Northern Virginia,Emergency,Virginia Demo Market,2022-Q1,3735,Commercial,mock_source_v2,provider_volume_2019_2023.csv
MEDSTAR,,DC Metro,OB/GYN,Virginia Demo Market,Q2/2021,1205,Medicaid,mock_source_v2,vol_export_final.csv
privia health,Privia Health Group,Northern Virginia,Neurology,Virginia Demo Market,Q3-2022,241,All Payer,mock_source_v2,provider_volume_2019_2023.csv
vcu,VCU Health System,Richmond,Gastro,Virginia Demo Market,2021-Q1,600,Unknown,mock_source_v2,provider_volume_2019_2023.csv
Sentara,Sentara Healthcare,Hampton Roads,Behavioral Health,Virginia Demo Market,2022 Q2,445,,mock_source_v2,vol_export_final.csv
Carilion Clinic,Carilion Clinic,Roanoke,GI,Virginia Demo Market,Q2/2019,421.0,Unknown,mock_source_v2,provider_volume_2019_2023.csv
MedStar,MedStar Health,DC Metro,Heart Services,Virginia Demo Market,Q3/2023,1334,All Payer,mock_source_v2,vol_export_FINAL_v2.csv
Sentara Healthcare,Sentara Healthcare,Hampton Roads,card.,Virginia Demo Market,2019 Q3,1317,Commercial,mock_source_v2,vol_export_FINAL_v2.csv
MEDSTAR,MedStar Health,DC Metro,Behavioral Health,Virginia Demo Market,Q4-2019,505,All Payer,mock_source_v2,vol_export_final.csv
UVA,UVA Health,Charlottesville,ER Services,Virginia Demo Market,Q3/2022,1370.0,All Payer,mock_source_v2,vol_export_FINAL_v2.csv
VCU Health,VCU Health System,Richmond,Women's Health,Virginia Demo Market,Q1 2019,848,All Payer,mock_source_v2,vol_export_final.csv
U.V.A. Health,UVA Health,Charlottesville,CARD,Virginia Demo Market,Q2/2021,922,Commercial,mock_source_v2,vol_export_FINAL_v2.csv
MedStar Health,MedStar Health,DC Metro,GASTROENTEROLOGY,Virginia Demo Market,2019-Q3,626,All Payer,mock_source_v2,vol_export_FINAL_v2.csv
INOVA,Inova Health System,Northern Virginia,Women,Virginia Demo Market,Q3 2023,2019,Medicaid,mock_source_v2,vol_export_final.csv
NOVANT,Novant Health,Northern Virginia,Women,Virginia Demo Market,Jan-Mar 2021,,Medicare,mock_source_v2,vol_export_final.csv
inova,Inova Health System,Northern Virginia,Neuro,Virginia Demo Market,Jul-Sep 2021,1127,Unknown,mock_source_v2,vol_export_FINAL_v2.csv
medstar health,,DC Metro,Cancer Services,Virginia Demo Market,Jul-Sep 2020,742,Medicare,mock_source_v2,vol_export_final.csv
V.C.U. Health,VCU Health System,Richmond,onc.,Virginia Demo Market,Q3-2022,3478,,mock_source_v2,vol_export_FINAL_v2.csv
vcu,VCU Health System,Richmond,Heart Services,Virginia Demo Market,2020 Q1,1143,All Payer,mock_source_v2,vol_export_FINAL_v2.csv
PRIVIA HEALTH GROUP,Privia Health Group,Northern Virginia,Musculoskeletal,Virginia Demo Market,2022-Q4,426,Medicare,mock_source_v2,provider_volume_2019_2023.csv
U.V.A. Health,UVA Health,Charlottesville,Orthopedics,Virginia Demo Market,2022 Q1,821,Commercial,mock_source_v2,vol_export_final.csv
Sentara Health,Sentara Healthcare,Hampton Roads,EMERGENCY,Virginia Demo Market,2022 Q3,2466,Medicaid,mock_source_v2,vol_export_FINAL_v2.csv
Bon Secours,Bon Secours Mercy Health,Richmond,ED,Virginia Demo Market,Q4 2023,missing,Unknown,mock_source_v2,vol_export_FINAL_v2.csv
sentara,Sentara Healthcare,Hampton Roads,Ob-Gyn,Virginia Demo Market,Q3/2023,1670,Unknown,mock_source_v2,vol_export_FINAL_v2.csv
INOVA HEALTH SYSTEM,Inova Health System,Northern Virginia,Cancer Services,Virginia Demo Market,Q4/2020,1276,Medicare,mock_source_v2,vol_export_FINAL_v2.csv
Privia Health,Privia Health Group,Northern Virginia,Musculoskeletal,Virginia Demo Market,2020-Q4,313,All Payer,mock_source_v2,vol_export_final.csv
NOVANT,Novant Health,Northern Virginia,Women's Health,Virginia Demo Market,2019 Q3,752,All Payer,mock_source_v2,provider_volume_2019_2023.csv
INOVA LOUDOUN,Inova Health System,Northern Virginia,E.D.,Virginia Demo Market,Q2/2022,923,Medicare,mock_source_v2,vol_export_FINAL_v2.csv
UVA Health,UVA Health,Charlottesville,Emerg Svcs,Virginia Demo Market,Q1-2022,1435,Medicare,mock_source_v2,vol_export_FINAL_v2.csv
HCA Virginia,HCA Healthcare,Richmond,OB/GYN,Virginia Demo Market,Q3 2019,1021,Medicare,mock_source_v2,provider_volume_2019_2023.csv
Sentara,Sentara Healthcare,Hampton Roads,womens hlth,Virginia Demo Market,2020-Q3,1311,All Payer,mock_source_v2,vol_export_FINAL_v2.csv
INOVA LOUDOUN,Inova Health System,Northern Virginia,Mental Health,Virginia Demo Market,Q1-2019,154,Medicaid,mock_source_v2,vol_export_final.csv
Inova Loudoun,Inova Health System,Northern Virginia,behav hlth,Virginia Demo Market,Q1/2022,183,Medicare,mock_source_v2,vol_export_FINAL_v2.csv
Inova Loudoun Hospital,Inova Health System,Northern Virginia,CARD,Virginia Demo Market,Oct-Dec 2023,729,,mock_source_v2,provider_volume_2019_2023.csv
LUMINIS,Luminis Health,Maryland,Cardiology,Virginia Demo Market,Q1 2019,692,All Payer,mock_source_v2,vol_export_FINAL_v2.csv
Sentara,Sentara Healthcare,Hampton Roads,Psychiatry,Virginia Demo Market,Q4-2020,,All Payer,mock_source_v2,vol_export_final.csv
NOVANT HEALTH,Novant Health,Northern Virginia,women's health,National,2020-Q1,654,All Payer,mock_source_v2,vol_export_final.csv
BSMH,Bon Secours Mercy Health,Richmond,neurology,Virginia Demo Market,Q4-2021,407,Unknown,mock_source_v2,provider_volume_2019_2023.csv
MedStar Health,MedStar Health,DC Metro,CARD,Virginia Demo Market,Q3/2019,1186,Unknown,mock_source_v2,provider_volume_2019_2023.csv
SENTARA HEALTH,Sentara Healthcare,Hampton Roads,Cardiac,Virginia Demo Market,Q1 2023,,Unknown,mock_source_v2,vol_export_final.csv
CARILION,Carilion Clinic,Roanoke,ONC,Virginia Demo Market,Q2 2022,642,Medicare,mock_source_v2,vol_export_FINAL_v2.csv
bon secours,Bon Secours Mercy Health,Richmond,G.I.,Virginia Demo Market,Q3-2020,368,All Payer,mock_source_v2,vol_export_final.csv
INOVA,Inova Health System,Northern Virginia,Orthopedic,Virginia Demo Market,2022 Q2,2686,All Payer,mock_source_v2,provider_volume_2019_2023.csv
NovantHlth,Novant Health,Northern Virginia,ER Services,Virginia Demo Market,Q1-2023,1069,Medicare,mock_source_v2,vol_export_FINAL_v2.csv
sentara,Sentara Healthcare,Hampton Roads,card.,Virginia Demo Market,Oct-Dec 2020,1418,Commercial,mock_source_v2,provider_volume_2019_2023.csv
INOVA HEALTH SYSTEM,Inova Health System,Northern Virginia,oncology,Virginia Demo Market,2023-Q4,1464,Commercial,mock_source_v2,provider_volume_2019_2023.csv
PRIVIA HEALTH GROUP,,Northern Virginia,Ob-Gyn,Virginia Demo Market,Q4-2023,665,Medicare,mock_source_v2,vol_export_final.csv
NOVANT,Novant Health,Northern Virginia,oncology,Virginia Demo Market,Q1 2019,290,,mock_source_v2,vol_export_FINAL_v2.csv
VCU Medical Center,,Richmond,CARD,Virginia Demo Market,2020 Q2,464.0,All Payer,mock_source_v2,vol_export_FINAL_v2.csv
vcu,VCU Health System,Richmond,Oncology,Virginia Demo Market,Q4/2019,2828 cases,Unknown,mock_source_v2,vol_export_final.csv
inova health,Inova Health System,Northern Virginia,gi services,Virginia Demo Market,Q3 2020,738,Medicare,mock_source_v2,provider_volume_2019_2023.csv
Carilion Clinic,Carilion Clinic,Roanoke,neuro services,Virginia Demo Market,Q3 2023,746,Medicare,mock_source_v2,provider_volume_2019_2023.csv
Sentara,Sentara Healthcare,Hampton Roads,cardiac services,Virginia Demo Market,Q3-2022,1554,All Payer,mock_source_v2,vol_export_final.csv
Bon Secours Health,Bon Secours Mercy Health,Richmond,cancer,Virginia Demo Market,Q4/2022,407,All Payer,mock_source_v2,provider_volume_2019_2023.csv
UVA Healthcare,UVA Health,Charlottesville,Emerg Svcs,Virginia Demo Market,2023-Q3,1365,Unknown,mock_source_v2,vol_export_FINAL_v2.csv
Loudoun Hospital,Inova Health System,Northern Virginia,ortho,Virginia Demo Market,Oct-Dec 2019,662,,mock_source_v2,vol_export_FINAL_v2.csv
UNIVERSITY OF VIRGINIA HEALTH,UVA Health,Charlottesville,Emerg Svcs,,Q1/2020,1338,All Payer,mock_source_v2,vol_export_FINAL_v2.csv
sentara,Sentara Healthcare,Hampton Roads,gi services,Virginia Demo Market,2021 Q4,748,,mock_source_v2,vol_export_FINAL_v2.csv
Bon Secours Health,Bon Secours Mercy Health,Richmond,emergency services,Virginia Demo Market,Q2/2023,"1,407",All Payer,mock_source_v2,vol_export_final.csv
BSMH,Bon Secours Mercy Health,Richmond,gastro,Virginia Demo Market,Q2 2020,221,,mock_source_v2,vol_export_FINAL_v2.csv
LUMINIS HEALTH,,Maryland,Heart Services,Virginia Demo Market,Q4-2023,724,All Payer,mock_source_v2,vol_export_final.csv
HCA VIRGINIA,,Richmond,EMERGENCY,Virginia Demo Market,Oct-Dec 2022,2465,Commercial,mock_source_v2,vol_export_FINAL_v2.csv
HCA,HCA Healthcare,Richmond,OB/GYN,Virginia Demo Market,Q1 2022,996,,mock_source_v2,vol_export_final.csv
UVA Health,UVA Health,Charlottesville,Ob-Gyn,Virginia Demo Market,2023 Q1,924,Medicare,mock_source_v2,vol_export_FINAL_v2.csv
inova health,Inova Health System,Northern Virginia,behav hlth,Virginia Demo Market,Q3 2022,748,Unknown,mock_source_v2,vol_export_final.csv
InOva,Inova Health System,Northern Virginia,women's health,Virginia Demo Market,2019 Q3,1957,All Payer,mock_source_v2,vol_export_final.csv
inova,Inova Health System,Northern Virginia,NEUROLOGY,Virginia Demo Market,2019-Q1,1094,All Payer,mock_source_v2,provider_volume_2019_2023.csv
UNIVERSITY OF VIRGINIA HEALTH,UVA Health,Charlottesville,Mental Health,Virginia Demo Market,Q4-2020,,All Payer,mock_source_v2,vol_export_FINAL_v2.csv
bon secours,Bon Secours Mercy Health,Richmond,GI Services,Virginia Demo Market,2022 Q2,506,Medicaid,mock_source_v2,vol_export_FINAL_v2.csv
Luminis Health,Luminis Health,Maryland,BEHAVIORAL HEALTH,Virginia Demo Market,2019 Q4,208,All Payer,mock_source_v2,provider_volume_2019_2023.csv
CARILION CLINIC,Carilion Clinic,Roanoke,Women's Health,Virginia Demo Market,2021 Q4,734,All Payer,mock_source_v2,provider_volume_2019_2023.csv
HCA Healthcare VA,,Richmond,ORTHO,Virginia Demo Market,Q3 2022,"1,473",Medicare,mock_source_v2,vol_export_FINAL_v2.csv
INOVA LOUDOUN,Inova Health System,Northern Virginia,WOMENS HEALTH,Virginia Demo Market,Q4 2023,886,Commercial,mock_source_v2,provider_volume_2019_2023.csv
Virginia Commonwealth,VCU Health System,Richmond,GASTROENTEROLOGY,Virginia Demo Market,Apr-Jun 2021,666,Medicare,mock_source_v2,provider_volume_2019_2023.csv
hca virginia,HCA Healthcare,Richmond,ER Services,Virginia Demo Market,Q3-2021,,All Payer,mock_source_v2,provider_volume_2019_2023.csv
UVA Healthcare,UVA Health,Charlottesville,ORTHOPEDICS,Virginia Demo Market,Q4/2021,820,All Payer,mock_source_v2,vol_export_FINAL_v2.csv
Inova,Inova Health System,Northern Virginia,EMERGENCY,Virginia Demo Market,Q4 2019,3245,Medicare,mock_source_v2,vol_export_final.csv
carilion clinic,Carilion Clinic,Roanoke,neurology,Virginia Demo Market,Q4/2019,728 cases,Unknown,mock_source_v2,vol_export_final.csv
PRIVIA,Privia Health Group,Northern Virginia,neuro services,Virginia Demo Market,2022 Q2,241,All Payer,mock_source_v2,vol_export_final.csv
Sentara Health,Sentara Healthcare,Hampton Roads,ORTHO,Virginia Demo Market,Q1 2019,1167,All Payer,mock_source_v2,vol_export_final.csv
hca hlth va,HCA Healthcare,Richmond,Neurology,Virginia Demo Market,2020-Q1,505,,mock_source_v2,vol_export_FINAL_v2.csv
MedStar Health,MedStar Health,DC Metro,Behavioral Health,Virginia Demo Market,2022 Q1,562,Medicare,mock_source_v2,vol_export_final.csv
LUMINIS HEALTH,Luminis Health,Maryland,MSK,Virginia Demo Market,2021 Q2,650,Medicare,mock_source_v2,vol_export_final.csv
UVA Health,UVA Health,Charlottesville,Psych,Virginia Demo Market,Q3/2022,441,All Payer,mock_source_v2,vol_export_FINAL_v2.csv
Med Star,MedStar Health,DC Metro,Emerg Svcs,Virginia Demo Market,2020-Q3,1424,All Payer,mock_source_v2,vol_export_final.csv
sentara,Sentara Healthcare,Hampton Roads,gastro,Virginia Demo Market,Apr-Jun 2021,#REF!,All Payer,mock_source_v2,vol_export_final.csv
U.V.A. Health,UVA Health,Charlottesville,GI Services,Virginia Demo Market,2020 Q4,443,Unknown,mock_source_v2,provider_volume_2019_2023.csv
NOVANT,Novant Health,Northern Virginia,neuro services,Virginia Demo Market,Q2-2019,338,All Payer,mock_source_v2,vol_export_final.csv
MedStar,MedStar Health,DC Metro,NEURO,Virginia Demo Market,2019 Q2,818,Unknown,mock_source_v2,vol_export_FINAL_v2.csv
sentara hlth,Sentara Healthcare,Hampton Roads,oncology,Virginia Demo Market,Jan-Mar 2021,858,All Payer,mock_source_v2,vol_export_FINAL_v2.csv
UVA Health,,Charlottesville,ORTHOPEDICS,Virginia Demo Market,2023-Q4,840,Medicare,mock_source_v2,provider_volume_2019_2023.csv
Luminis Hlth,Luminis Health,Maryland,Psych,Virginia Demo Market,Q4 2021,229,,mock_source_v2,provider_volume_2019_2023.csv
Loudoun Hospital,Inova Health System,Northern Virginia,Emerg Svcs,Virginia Demo Market,2023 Q4,1070,All Payer,mock_source_v2,provider_volume_2019_2023.csv
Luminis Health,Luminis Health,Maryland,orthopaedics,Virginia Demo Market,2020-Q4,479,Unknown,mock_source_v2,provider_volume_2019_2023.csv
PRIVIA HEALTH GROUP,Privia Health Group,Northern Virginia,ED,Virginia Demo Market,Jul-Sep 2019,100,Medicare,mock_source_v2,vol_export_FINAL_v2.csv
U.V.A. Health,UVA Health,Charlottesville,BH,Virginia Demo Market,2020-Q2,184,Medicaid,mock_source_v2,provider_volume_2019_2023.csv
privia health,Privia Health Group,Northern Virginia,Behavioral Health,Virginia Demo Market,Q1-2021,353,Unknown,mock_source_v2,provider_volume_2019_2023.csv
uva health,UVA Health,Charlottesville,CARDIOLOGY,Virginia Demo Market,2023-Q3,926,All Payer,mock_source_v2,provider_volume_2019_2023.csv
inova loudoun,Inova Health System,Northern Virginia,OB/GYN,Virginia Demo Market,Oct-Dec 2019,815,Unknown,mock_source_v2,vol_export_FINAL_v2.csv
Inova Loudoun,Inova Health System,Northern Virginia,Heart Services,Virginia Demo Market,Jul-Sep 2019,553,All Payer,mock_source_v2,provider_volume_2019_2023.csv
NovantHlth,,Northern Virginia,CARDIOLOGY,Virginia Demo Market,Oct-Dec 2019,773,Unknown,mock_source_v2,provider_volume_2019_2023.csv
BSMH,Bon Secours Mercy Health,Richmond,Neuro,Virginia Demo Market,Q3/2021,389,Medicare,mock_source_v2,provider_volume_2019_2023.csv
UNIVERSITY OF VIRGINIA HEALTH,UVA Health,Charlottesville,ONCOLOGY,Virginia Demo Market,Apr-Jun 2020,568,Unknown,mock_source_v2,vol_export_FINAL_v2.csv
UVA Healthcare,UVA Health,Charlottesville,ORTHOPEDICS,Virginia Demo Market,Q4/2021,820,All Payer,mock_source_v2,vol_export_FINAL_v2.csv
privia health,Privia Health Group,Northern Virginia,onc.,Virginia Demo Market,Q2 2021,172,Commercial,mock_source_v2,provider_volume_2019_2023.csv
MEDSTAR HEALTH,MedStar Health,DC Metro,MSK,Virginia Demo Market,2019-Q1,963,All Payer,mock_source_v2,provider_volume_2019_2023.csv
bon secours,Bon Secours Mercy Health,Richmond,gi services,Virginia Demo Market,Q4/2023,456,All Payer,mock_source_v2,vol_export_FINAL_v2.csv
CARILION,Carilion Clinic,Roanoke,GASTROENTEROLOGY,Virginia Demo Market,Q3/2022,426,All Payer,mock_source_v2,provider_volume_2019_2023.csv
HCA Healthcare VA,HCA Healthcare,Richmond,EMERGENCY,Virginia Demo Market,2021-Q2,2121,All Payer,mock_source_v2,vol_export_FINAL_v2.csv
Luminis Hlth,Luminis Health,Maryland,Orthopedic,Virginia Demo Market,Q1-2022,564,Medicaid,mock_source_v2,vol_export_FINAL_v2.csv
HCA Healthcare VA,HCA Healthcare,Richmond,Orthopedics,Virginia Demo Market,Oct-Dec 2023,1317,Unknown,mock_source_v2,provider_volume_2019_2023.csv
PRIVIA,Privia Health Group,Northern Virginia,NEURO,Virginia Demo Market,Q1 2020,209,Medicaid,mock_source_v2,vol_export_final.csv
hca virginia,HCA Healthcare,Richmond,Emerg Svcs,Virginia Demo Market,Q1 2022,2447,Medicare,mock_source_v2,provider_volume_2019_2023.csv
VCU,VCU Health System,Richmond,ORTHO,Virginia Demo Market,Q2-2020,503,Medicaid,mock_source_v2,vol_export_FINAL_v2.csv
HCA Virginia,HCA Healthcare,Richmond,Neurological Svcs,Virginia Demo Market,Oct-Dec 2021,535,All Payer,mock_source_v2,vol_export_final.csv
Sentara Health,Sentara Healthcare,Hampton Roads,WOMENS HEALTH,Virginia Demo Market,Q3/2021,1645,Medicare,mock_source_v2,vol_export_FINAL_v2.csv
BON SECOURS,Bon Secours Mercy Health,Richmond,Womens Health,Virginia Demo Market,Q2 2023,1400,Medicare,mock_source_v2,vol_export_final.csv
privia health,Privia Health Group,Northern Virginia,Cardiology,Virginia Demo Market,Q4 2021,534,All Payer,mock_source_v2,vol_export_FINAL_v2.csv
V.C.U. Health,VCU Health System,Richmond,Emerg Svcs,Virginia Demo Market,Q4-2023,1929,Commercial,mock_source_v2,vol_export_FINAL_v2.csv
Luminis,Luminis Health,Maryland,BEHAVIORAL HEALTH,Virginia Demo Market,Q3-2023,229,Medicare,mock_source_v2,vol_export_final.csv
HCA Healthcare VA,HCA Healthcare,Richmond,cardiac services,Virginia Demo Market,Q1 2022,1255,All Payer,mock_source_v2,vol_export_final.csv
LUMINIS HEALTH,Luminis Health,Maryland,Neurological Svcs,Virginia Demo Market,Apr-Jun 2021,341,All Payer,mock_source_v2,vol_export_FINAL_v2.csv
Luminis Health,Luminis Health,Maryland,ONC,Virginia Demo Market,Oct-Dec 2023,422,Commercial,mock_source_v2,vol_export_FINAL_v2.csv
Luminis,,Maryland,NEURO,National,2021 Q3,349,Commercial,mock_source_v2,vol_export_FINAL_v2.csv
V.C.U. Health,VCU Health System,Richmond,Cardiac,Virginia Demo Market,Oct-Dec 2021,1234,Medicaid,mock_source_v2,provider_volume_2019_2023.csv
MedStar Health,MedStar Health,DC Metro,Psych,Virginia Demo Market,Q2 2022,605,Unknown,mock_source_v2,provider_volume_2019_2023.csv
NOVANT,Novant Health,Northern Virginia,Cardiac,Virginia Demo Market,Q3/2023,789,All Payer,mock_source_v2,provider_volume_2019_2023.csv
sentara hlth,Sentara Healthcare,Hampton Roads,ONCOLOGY,Virginia Demo Market,2022-Q2,843,Unknown,mock_source_v2,vol_export_FINAL_v2.csv
Med Star,MedStar Health,DC Metro,ORTHO,Virginia Demo Market,2022-Q2,1312,Medicaid,mock_source_v2,vol_export_final.csv
HCA Virginia,,Richmond,gastro,Virginia Demo Market,2019-Q4,562,All Payer,mock_source_v2,provider_volume_2019_2023.csv
InOva,Inova Health System,Northern Virginia,OB/GYN,Virginia Demo Market,Q1-2021,1815,All Payer,mock_source_v2,vol_export_FINAL_v2.csv
novant health,Novant Health,Northern Virginia,ER Services,Virginia Demo Market,Apr-Jun 2019,872,,mock_source_v2,vol_export_final.csv
PRIVIA,Privia Health Group,Northern Virginia,Cancer Services,Virginia Demo Market,Q4 2020,142,All Payer,mock_source_v2,vol_export_FINAL_v2.csv
Luminis Hlth,Luminis Health,Maryland,Behavioral Health,Virginia Demo Market,2023 Q1,226,All Payer,mock_source_v2,vol_export_FINAL_v2.csv
sentara hlth,Sentara Healthcare,Hampton Roads,NEUROLOGY,Virginia Demo Market,Q4 2020,696,Medicare,mock_source_v2,vol_export_FINAL_v2.csv
Luminis Hlth,Luminis Health,Maryland,Orthopedics,Virginia Demo Market,Q3/2021,662,Commercial,mock_source_v2,provider_volume_2019_2023.csv
LUMINIS HEALTH,Luminis Health,Maryland,Womens Health,Virginia Demo Market,2023 Q3,755,Medicare,mock_source_v2,vol_export_final.csv
Inova Fairfax,Inova Health System,Northern Virginia,NEUROLOGY,Virginia Demo Market,2022 Q3,1158,Commercial,mock_source_v2,vol_export_FINAL_v2.csv
privia health,Privia Health Group,Northern Virginia,E.D.,Virginia Demo Market,Q4/2020,98,Commercial,mock_source_v2,vol_export_final.csv
Privia,Privia Health Group,Northern Virginia,NEUROLOGY,Virginia Demo Market,2020 Q4,195,All Payer,mock_source_v2,vol_export_FINAL_v2.csv
BON SECOURS,Bon Secours Mercy Health,Richmond,oncology,Virginia Demo Market,2021-Q2,389 cases,All Payer,mock_source_v2,vol_export_FINAL_v2.csv
NovantHlth,Novant Health,Northern Virginia,Cardiac,Virginia Demo Market,Q4 2022,908,,mock_source_v2,vol_export_final.csv
UVA,,Charlottesville,Cancer Services,Virginia Demo Market,Q1 2023,1305,Medicaid,mock_source_v2,vol_export_final.csv
Luminis,Luminis Health,Maryland,Ob-Gyn,Virginia Demo Market,Q2/2019,721,Medicare,mock_source_v2,provider_volume_2019_2023.csv
Inova Health,Inova Health System,Northern Virginia,orthopaedics,Virginia Demo Market,Jan-Mar 2023,2145,Commercial,mock_source_v2,vol_export_final.csv
Privia,Privia Health Group,Northern Virginia,BH,Virginia Demo Market,Q1-2020,300,Medicaid,mock_source_v2,provider_volume_2019_2023.csv
HCA VIRGINIA,HCA Healthcare,Richmond,gastro,Virginia Demo Market,Q2-2019,571,All Payer,mock_source_v2,provider_volume_2019_2023.csv
novant health,Novant Health,Northern Virginia,ortho,Virginia Demo Market,Q3 2022,1001,Unknown,mock_source_v2,provider_volume_2019_2023.csv
INOVA HEALTH SYSTEM,Inova Health System,Northern Virginia,Womens Health,Virginia Demo Market,Q2 2019,1903,Commercial,mock_source_v2,provider_volume_2019_2023.csv
U.V.A. Health,UVA Health,Charlottesville,WOMENS HEALTH,Virginia Demo Market,2021 Q3,938,,mock_source_v2,vol_export_FINAL_v2.csv
Novant,Novant Health,Northern Virginia,orthopaedics,Virginia Demo Market,Q4/2022,843,All Payer,mock_source_v2,vol_export_FINAL_v2.csv
CARILION CLINIC,Carilion Clinic,Roanoke,Musculoskeletal,Virginia Demo Market,2019-Q4,637,All Payer,mock_source_v2,vol_export_FINAL_v2.csv
UVA Health,UVA Health,Charlottesville,BEHAVIORAL HEALTH,Virginia Demo Market,Q4/2023,478,All Payer,mock_source_v2,provider_volume_2019_2023.csv
sentara,Sentara Healthcare,Hampton Roads,ORTHOPEDICS,Virginia Demo Market,Q2/2023,1763,All Payer,mock_source_v2,vol_export_FINAL_v2.csv
NovantHlth,Novant Health,Northern Virginia,Gastroenterology,Virginia Demo Market,Jul-Sep 2021,316,Medicare,mock_source_v2,vol_export_final.csv
sentara,Sentara Healthcare,Hampton Roads,OB/GYN,Virginia Demo Market,Q1/2023,1669,,mock_source_v2,vol_export_final.csv
MedStar,MedStar Health,DC Metro,Neurology,Virginia Demo Market,Apr-Jun 2021,818,All Payer,mock_source_v2,provider_volume_2019_2023.csv
NOVANT HEALTH,Novant Health,Northern Virginia,Orthopedic,Virginia Demo Market,Oct-Dec 2023,875,Unknown,mock_source_v2,provider_volume_2019_2023.csv
Virginia Commonwealth,VCU Health System,Richmond,behavioral health,Virginia Demo Market,2023-Q4,1270,All Payer,mock_source_v2,vol_export_final.csv
Bon Secours Mercy,Bon Secours Mercy Health,Richmond,behavioral health,Virginia Demo Market,Jul-Sep 2019,209,,mock_source_v2,provider_volume_2019_2023.csv
Carilion Clinic,Carilion Clinic,Roanoke,card.,Virginia Demo Market,Oct-Dec 2019,859,All Payer,mock_source_v2,vol_export_final.csv
Virginia Commonwealth,VCU Health System,Richmond,onc.,Virginia Demo Market,Q3/2019,2864,Unknown,mock_source_v2,vol_export_final.csv
inova,Inova Health System,Northern Virginia,Neuro,Virginia Demo Market,Jul-Sep 2021,1127,Unknown,mock_source_v2,vol_export_FINAL_v2.csv
Inova Loudoun,Inova Health System,Northern Virginia,Women,Virginia Demo Market,2020-Q2,379,All Payer,mock_source_v2,vol_export_FINAL_v2.csv
Inova Health,Inova Health System,Northern Virginia,G.I.,Virginia Demo Market,2019-Q2,952,Medicare,mock_source_v2,vol_export_final.csv
hca virginia,HCA Healthcare,Richmond,OB/GYN,Virginia Demo Market,2023 Q2,1031,All Payer,mock_source_v2,vol_export_FINAL_v2.csv
Luminis Hlth,Luminis Health,Maryland,Cardiology,Virginia Demo Market,Oct-Dec 2021,727,Medicare,mock_source_v2,vol_export_final.csv
Carilion,Carilion Clinic,Roanoke,womens hlth,Virginia Demo Market,2019 Q1,706,Medicaid,mock_source_v2,provider_volume_2019_2023.csv
CARILION CLINIC,Carilion Clinic,Roanoke,Psychiatry,Virginia Demo Market,2019-Q2,365,Unknown,mock_source_v2,vol_export_final.csv
HCA,HCA Healthcare,Richmond,BEHAVIORAL HEALTH,Virginia Demo Market,Q4-2021,341.0,Unknown,mock_source_v2,vol_export_FINAL_v2.csv
medstar health,MedStar Health,DC Metro,NEUROLOGY,Virginia Demo Market,Q3/2021,866,Commercial,mock_source_v2,vol_export_FINAL_v2.csv
carilion clinic,Carilion Clinic,Roanoke,NEURO,Virginia Demo Market,Apr-Jun 2023,731,All Payer,mock_source_v2,vol_export_final.csv
Med Star,MedStar Health,DC Metro,MSK,Virginia Demo Market,Q4/2022,1102.0,Medicaid,mock_source_v2,vol_export_FINAL_v2.csv
V.C.U. Health,VCU Health System,Richmond,G.I.,Virginia Demo Market,2021-Q3,603,,mock_source_v2,provider_volume_2019_2023.csv
UVA,UVA Health,Charlottesville,Behavioral Health,Virginia Demo Market,2021-Q3,418,Medicare,mock_source_v2,vol_export_FINAL_v2.csv
LUMINIS,Luminis Health,Maryland,gi services,Virginia Demo Market,2019-Q3,304,Medicaid,mock_source_v2,vol_export_final.csv
Inova Loudoun,Inova Health System,Northern Virginia,neurology,Virginia Demo Market,Jan-Mar 2021,315,Medicare,mock_source_v2,provider_volume_2019_2023.csv
Carilion Health,Carilion Clinic,Roanoke,Neurology,Virginia Demo Market,2021-Q1,746,Commercial,mock_source_v2,provider_volume_2019_2023.csv
INOVA HEALTH SYSTEM,Inova Health System,Northern Virginia,Orthopedics,Virginia Demo Market,2020 Q3,2131,All Payer,mock_source_v2,vol_export_final.csv
Med Star,MedStar Health,DC Metro,GASTROENTEROLOGY,Virginia Demo Market,Q4 2022,653,Commercial,mock_source_v2,vol_export_final.csv
MEDSTAR HEALTH,MedStar Health,DC Metro,onc.,Virginia Demo Market,Jan-Mar 2019,932,Unknown,mock_source_v2,provider_volume_2019_2023.csv
bon secours,Bon Secours Mercy Health,Richmond,gi services,Virginia Demo Market,Q4/2023,456,All Payer,mock_source_v2,vol_export_FINAL_v2.csv
Med Star,MedStar Health,DC Metro,Mental Health,Virginia Demo Market,Jan-Mar 2021,536,All Payer,mock_source_v2,provider_volume_2019_2023.csv
Inova Loudoun,Inova Health System,Northern Virginia,GI,Virginia Demo Market,Apr-Jun 2023,284,Unknown,mock_source_v2,vol_export_FINAL_v2.csv
Carilion Health,Carilion Clinic,Roanoke,NEURO,Virginia Demo Market,2023 Q4,783,Medicare,mock_source_v2,provider_volume_2019_2023.csv
LUMINIS HEALTH,Luminis Health,Maryland,Oncology,Virginia Demo Market,Q4 2019,392,Medicare,mock_source_v2,vol_export_final.csv
Inova,Inova Health System,Northern Virginia,oncology,Virginia Demo Market,2021-Q3,1380,All Payer,mock_source_v2,vol_export_FINAL_v2.csv
uva health,UVA Health,Charlottesville,cardiac services,Virginia Demo Market,Q4/2019,1074,Commercial,mock_source_v2,vol_export_final.csv
MedStar,MedStar Health,DC Metro,ORTHOPEDICS,Virginia Demo Market,2022-Q1,"1,101",Commercial,mock_source_v2,provider_volume_2019_2023.csv
UVA,UVA Health,Charlottesville,behav hlth,Virginia Demo Market,Q4/2022,457,All Payer,mock_source_v2,provider_volume_2019_2023.csv
PRIVIA HEALTH GROUP,Privia Health Group,Northern Virginia,Neurological Svcs,Virginia Demo Market,Q2/2023,254,All Payer,mock_source_v2,provider_volume_2019_2023.csv
Virginia Commonwealth,VCU Health System,Richmond,ER Services,Virginia Demo Market,Oct-Dec 2020,1562,,mock_source_v2,vol_export_final.csv
MedStar,MedStar Health,DC Metro,ORTHOPEDICS,Virginia Demo Market,Q3-2022,1280,Medicare,mock_source_v2,vol_export_final.csv
novant health,Novant Health,Northern Virginia,Gastroenterology,Virginia Demo Market,Q4/2020,268,All Payer,mock_source_v2,vol_export_FINAL_v2.csv
MedStar,MedStar Health,DC Metro,Emerg Svcs,Virginia Demo Market,Q3 2019,1689,Medicare,mock_source_v2,provider_volume_2019_2023.csv
HCA,HCA Healthcare,Richmond,Neuro,Virginia Demo Market,Q1/2019,524,Medicare,mock_source_v2,vol_export_final.csv
UNIVERSITY OF VIRGINIA HEALTH,UVA Health,Charlottesville,cancer,Virginia Demo Market,2022 Q1,1325,,mock_source_v2,vol_export_final.csv
UNIVERSITY OF VIRGINIA HEALTH,UVA Health,Charlottesville,card.,,2023 Q4,1094,All Payer,mock_source_v2,vol_export_final.csv
Novant Health,Novant Health,Northern Virginia,orthopaedics,Virginia Demo Market,Q1 2020,713,,mock_source_v2,vol_export_FINAL_v2.csv
V.C.U. Health,VCU Health System,Richmond,NEURO,Virginia Demo Market,Q1/2019,1392,All Payer,mock_source_v2,vol_export_final.csv
Med Star,MedStar Health,DC Metro,OB/GYN,Virginia Demo Market,2021 Q3,1208,All Payer,mock_source_v2,vol_export_FINAL_v2.csv
bon secours,,Richmond,gastro,Virginia Demo Market,2021 Q4,475,All Payer,mock_source_v2,vol_export_FINAL_v2.csv
Inova,Inova Health System,Northern Virginia,ONC,Virginia Demo Market,2020-Q3,1119,Medicare,mock_source_v2,provider_volume_2019_2023.csv
vcu,VCU Health System,Richmond,orthopaedics,Virginia Demo Market,Q1/2022,906,All Payer,mock_source_v2,vol_export_FINAL_v2.csv
carilion clinic,Carilion Clinic,Roanoke,neurology,Virginia Demo Market,Q2/2019,670,Medicare,mock_source_v2,vol_export_FINAL_v2.csv
MEDSTAR HEALTH,MedStar Health,DC Metro,Heart Services,Virginia Demo Market,Q1/2023,1587,Commercial,mock_source_v2,vol_export_FINAL_v2.csv
Virginia Commonwealth,VCU Health System,Richmond,ORTHOPEDICS,Virginia Demo Market,2023-Q3,1116,Medicaid,mock_source_v2,provider_volume_2019_2023.csv
Luminis,Luminis Health,Maryland,cardiac services,Virginia Demo Market,2020-Q1,658,All Payer,mock_source_v2,provider_volume_2019_2023.csv
CARILION CLINIC,Carilion Clinic,Roanoke,BEHAVIORAL HEALTH,Virginia Demo Market,Apr-Jun 2021,379,All Payer,mock_source_v2,vol_export_final.csv
CARILION CLINIC,Carilion Clinic,Roanoke,GI Services,Virginia Demo Market,Q1 2021,376,All Payer,mock_source_v2,vol_export_final.csv
LUMINIS,Luminis Health,Maryland,Orthopedic,Virginia Demo Market,Q2/2023,696,All Payer,mock_source_v2,provider_volume_2019_2023.csv
Carilion Health,Carilion Clinic,Roanoke,Mental Health,Virginia Demo Market,Jan-Mar 2022,377,All Payer,mock_source_v2,vol_export_FINAL_v2.csv
Sentara,,Hampton Roads,Gastro,Virginia Demo Market,Q3/2023,780,All Payer,mock_source_v2,vol_export_final.csv
hca hlth va,HCA Healthcare,Richmond,Emerg Svcs,Virginia Demo Market,Q1-2023,2457,All Payer,mock_source_v2,vol_export_FINAL_v2.csv
SENTARA HEALTH,Sentara Healthcare,Hampton Roads,ortho,Virginia Demo Market,Q4-2020,1177,All Payer,mock_source_v2,vol_export_FINAL_v2.csv
Virginia Commonwealth,VCU Health System,Richmond,cancer,Virginia Demo Market,2020-Q4,2654,All Payer,mock_source_v2,vol_export_FINAL_v2.csv
Privia Health,Privia Health Group,Northern Virginia,GASTROENTEROLOGY,Virginia Demo Market,2023 Q2,350,All Payer,mock_source_v2,vol_export_final.csv
hca virginia,HCA Healthcare,Richmond,women's health,Virginia Demo Market,Q4-2021,968,Medicare,mock_source_v2,vol_export_FINAL_v2.csv
Sentara,Sentara Healthcare,Hampton Roads,NEURO,Virginia Demo Market,2020 Q2,341.0,All Payer,mock_source_v2,vol_export_FINAL_v2.csv
UVA Health,UVA Health,Charlottesville,MSK,Virginia Demo Market,Q3-2023,956,All Payer,mock_source_v2,vol_export_FINAL_v2.csv
Med Star,MedStar Health,DC Metro,Orthopedic,Virginia Demo Market,Q3 2020,954,Commercial,mock_source_v2,vol_export_final.csv
INOVA LOUDOUN,Inova Health System,Northern Virginia,Orthopedics,Virginia Demo Market,Q3 2020,593,,mock_source_v2,provider_volume_2019_2023.csv
Luminis Health,Luminis Health,Maryland,Emergency Services,Virginia Demo Market,Apr-Jun 2021,916,,mock_source_v2,vol_export_final.csv
uva health,UVA Health,Charlottesville,Cardiology,Virginia Demo Market,2020 Q3,707,All Payer,mock_source_v2,vol_export_FINAL_v2.csv
HCA VIRGINIA,,Richmond,Women's Health,Virginia Demo Market,Q2-2022,1020,Unknown,mock_source_v2,provider_volume_2019_2023.csv
Luminis,Luminis Health,Maryland,GI,Virginia Demo Market,Q3-2021,323,All Payer,mock_source_v2,provider_volume_2019_2023.csv
UVA Healthcare,UVA Health,Charlottesville,Mental Health,,Q1 2019,387,Commercial,mock_source_v2,vol_export_FINAL_v2.csv
Loudoun Hospital,Inova Health System,Northern Virginia,cardiac services,Virginia Demo Market,2022 Q4,701,All Payer,mock_source_v2,vol_export_FINAL_v2.csv
Inova Health,Inova Health System,Northern Virginia,behav hlth,Virginia Demo Market,2020 Q2,293,All Payer,mock_source_v2,vol_export_FINAL_v2.csv
Luminis Health,Luminis Health,Maryland,card.,Virginia Demo Market,Q4/2020,615,Medicare,mock_source_v2,provider_volume_2019_2023.csv
BON SECOURS,,Richmond,CARDIOLOGY,Virginia Demo Market,Oct-Dec 2020,,Commercial,mock_source_v2,provider_volume_2019_2023.csv
NovantHlth,Novant Health,Northern Virginia,behavioral health,Virginia Demo Market,Q2-2020,98,Medicare,mock_source_v2,vol_export_FINAL_v2.csv
LUMINIS,,Maryland,ER Services,Virginia Demo Market,Q1/2019,992,Medicaid,mock_source_v2,vol_export_FINAL_v2.csv
LUMINIS,Luminis Health,Maryland,orthopaedics,Virginia Demo Market,2023-Q3,658 cases,All Payer,mock_source_v2,vol_export_final.csv
Sentara Healthcare,,Hampton Roads,neurology,Virginia Demo Market,2023 Q1,833,Unknown,mock_source_v2,provider_volume_2019_2023.csv
UVA Health,UVA Health,Charlottesville,Neurology,Virginia Demo Market,Q2/2021,960,Unknown,mock_source_v2,provider_volume_2019_2023.csv
Inova Loudoun Hospital,Inova Health System,Northern Virginia,Cardiac,Virginia Demo Market,Q3 2021,613 cases,All Payer,mock_source_v2,vol_export_FINAL_v2.csv
INOVA,Inova Health System,Northern Virginia,Cancer Services,Virginia Demo Market,2020-Q1,1373,,mock_source_v2,vol_export_FINAL_v2.csv
Carilion Health,Carilion Clinic,Roanoke,GI,Virginia Demo Market,Jan-Mar 2023,403,,mock_source_v2,vol_export_final.csv
MedStar Health,MedStar Health,DC Metro,WOMENS HEALTH,Virginia Demo Market,Q1/2023,1138,Medicare,mock_source_v2,vol_export_FINAL_v2.csv
NOVANT HEALTH,Novant Health,Northern Virginia,behavioral health,Virginia Demo Market,Q3 2023,251,All Payer,mock_source_v2,provider_volume_2019_2023.csv
NOVANT HEALTH,Novant Health,Northern Virginia,Emergency,Virginia Demo Market,Q2 2021,894,Medicare,mock_source_v2,provider_volume_2019_2023.csv
Carilion,Carilion Clinic,Roanoke,behav hlth,Virginia Demo Market,2021 Q4,389,All Payer,mock_source_v2,provider_volume_2019_2023.csv
NOVANT,Novant Health,Northern Virginia,CARDIOLOGY,Virginia Demo Market,Q2-2022,756,All Payer,mock_source_v2,provider_volume_2019_2023.csv
Privia,Privia Health Group,Northern Virginia,EMERGENCY,Virginia Demo Market,2021-Q4,119,All Payer,mock_source_v2,vol_export_FINAL_v2.csv
INOVA,,Northern Virginia,Musculoskeletal,Virginia Demo Market,Q4 2023,2182,All Payer,mock_source_v2,vol_export_FINAL_v2.csv
Sentara,Sentara Healthcare,Hampton Roads,CARD,Virginia Demo Market,Q1-2020,1496,All Payer,mock_source_v2,provider_volume_2019_2023.csv
Luminis,Luminis Health,Maryland,womens hlth,Virginia Demo Market,2021 Q1,691,Medicaid,mock_source_v2,vol_export_FINAL_v2.csv
Privia,Privia Health Group,Northern Virginia,gi services,Virginia Demo Market,2019-Q4,262,Medicare,mock_source_v2,vol_export_final.csv
NovantHlth,Novant Health,Northern Virginia,Neurological Svcs,Virginia Demo Market,Q3-2023,404,All Payer,mock_source_v2,vol_export_final.csv
Novant Health,Novant Health,Northern Virginia,Orthopedics,Virginia Demo Market,Q2-2021,955 cases,All Payer,mock_source_v2,vol_export_final.csv
Loudoun Hospital,Inova Health System,Northern Virginia,Cardiac,Virginia Demo Market,Q2/2019,588,Medicare,mock_source_v2,vol_export_FINAL_v2.csv
HCA Healthcare VA,HCA Healthcare,Richmond,NEURO,Virginia Demo Market,2020-Q4,453,All Payer,mock_source_v2,provider_volume_2019_2023.csv
Inova Loudoun Hospital,Inova Health System,Northern Virginia,Oncology,Virginia Demo Market,Q3 2022,322,All Payer,mock_source_v2,vol_export_FINAL_v2.csv
uva health,UVA Health,Charlottesville,Neurological Svcs,Virginia Demo Market,Q2 2019,882,,mock_source_v2,provider_volume_2019_2023.csv
BON SECOURS,Bon Secours Mercy Health,Richmond,NEUROLOGY,Virginia Demo Market,Q2/2020,185.0,All Payer,mock_source_v2,vol_export_final.csv
NOVANT,Novant Health,Northern Virginia,ortho,Virginia Demo Market,Q3/2020,701,All Payer,mock_source_v2,provider_volume_2019_2023.csv
luminis health,Luminis Health,Maryland,Cardiology,Virginia Demo Market,Q1-2023,728,Medicare,mock_source_v2,vol_export_FINAL_v2.csv
UVA,UVA Health,Charlottesville,women's health,Virginia Demo Market,Jan-Mar 2019,861,All Payer,mock_source_v2,vol_export_final.csv
BSMH,Bon Secours Mercy Health,Richmond,behavioral health,Virginia Demo Market,Q4 2021,210,Medicare,mock_source_v2,vol_export_final.csv
inova,Inova Health System,Northern Virginia,Womens Health,Virginia Demo Market,2020-Q3,1514,,mock_source_v2,vol_export_FINAL_v2.csv
CARILION CLINIC,Carilion Clinic,Roanoke,NEURO,Virginia Demo Market,Q1-2023,779,All Payer,mock_source_v2,provider_volume_2019_2023.csv
VCU Health,VCU Health System,Richmond,NEURO,Virginia Demo Market,Q2/2022,1612,All Payer,mock_source_v2,provider_volume_2019_2023.csv
NOVANT HEALTH,Novant Health,Northern Virginia,Gastro,Virginia Demo Market,Q2-2023,343,Medicaid,mock_source_v2,provider_volume_2019_2023.csv
Inova,Inova Health System,Northern Virginia,Emergency,Virginia Demo Market,Q1 2019,3499,Medicaid,mock_source_v2,provider_volume_2019_2023.csv
NovantHlth,Novant Health,Northern Virginia,neuro services,Virginia Demo Market,Q3-2020,288,All Payer,mock_source_v2,vol_export_final.csv
UVA Healthcare,UVA Health,Charlottesville,GI Services,Virginia Demo Market,2022 Q2,572,All Payer,mock_source_v2,provider_volume_2019_2023.csv
NOVANT,Novant Health,Northern Virginia,gi services,Virginia Demo Market,2020 Q1,276,All Payer,mock_source_v2,vol_export_FINAL_v2.csv
V.C.U. Health,VCU Health System,Richmond,GASTROENTEROLOGY,Virginia Demo Market,2022 Q4,591,All Payer,mock_source_v2,vol_export_final.csv
UVA Health,UVA Health,Charlottesville,GI Services,Virginia Demo Market,Apr-Jun 2019,509,Unknown,mock_source_v2,vol_export_final.csv
sentara,Sentara Healthcare,Hampton Roads,women's health,Virginia Demo Market,Q4-2022,1579,Medicare,mock_source_v2,vol_export_final.csv
U.V.A. Health,UVA Health,Charlottesville,Women,Virginia Demo Market,2023 Q2,946,,mock_source_v2,provider_volume_2019_2023.csv
Luminis Health,Luminis Health,Maryland,GI,Virginia Demo Market,2023 Q4,304,All Payer,mock_source_v2,vol_export_final.csv
Luminis Hlth,Luminis Health,Maryland,Musculoskeletal,Virginia Demo Market,Jul-Sep 2020,516,All Payer,mock_source_v2,provider_volume_2019_2023.csv
VCU Medical Center,VCU Health System,Richmond,CARD,Virginia Demo Market,Q4-2020,1032,Medicaid,mock_source_v2,vol_export_FINAL_v2.csv
UVA Health,,Charlottesville,behavioral health,Virginia Demo Market,2019-Q2,411,All Payer,mock_source_v2,vol_export_final.csv
MedStar Health,MedStar Health,DC Metro,Heart Services,Virginia Demo Market,2020-Q4,1297,Medicare,mock_source_v2,vol_export_FINAL_v2.csv
Privia Health,Privia Health Group,Northern Virginia,ORTHO,Virginia Demo Market,2023 Q4,441,Medicare,mock_source_v2,vol_export_FINAL_v2.csv
LUMINIS HEALTH,Luminis Health,Maryland,GI,Virginia Demo Market,Q3/2023,321,Commercial,mock_source_v2,vol_export_FINAL_v2.csv
medstar health,MedStar Health,DC Metro,Mental Health,Virginia Demo Market,Q4 2023,,Unknown,mock_source_v2,vol_export_final.csv
Inova,Inova Health System,Northern Virginia,cancer,National,2019-Q1,1382,,mock_source_v2,vol_export_final.csv
Novant Health,Novant Health,Northern Virginia,GI Services,Virginia Demo Market,2019 Q1,280,Unknown,mock_source_v2,vol_export_final.csv
Carilion Health,Carilion Clinic,Roanoke,emergency services,Virginia Demo Market,2021 Q3,1078,Medicare,mock_source_v2,vol_export_FINAL_v2.csv
SENTARA HEALTH,Sentara Healthcare,Hampton Roads,Psych,Virginia Demo Market,Q2/2023,485,All Payer,mock_source_v2,vol_export_final.csv
carilion clinic,Carilion Clinic,Roanoke,WOMENS HEALTH,Virginia Demo Market,Q1-2021,734,All Payer,mock_source_v2,provider_volume_2019_2023.csv
sentara,Sentara Healthcare,Hampton Roads,ORTHOPEDICS,Virginia Demo Market,2022-Q1,1325,Medicaid,mock_source_v2,vol_export_final.csv
Sentara,Sentara Healthcare,Hampton Roads,WOMENS HEALTH,Virginia Demo Market,Oct-Dec 2023,1686.0,Medicare,mock_source_v2,vol_export_final.csv
medstar health,MedStar Health,DC Metro,Oncology,Virginia Demo Market,Q2/2021,926,Medicare,mock_source_v2,vol_export_FINAL_v2.csv
UNIVERSITY OF VIRGINIA HEALTH,UVA Health,Charlottesville,Orthopedics,Virginia Demo Market,Q4-2022,859,,mock_source_v2,provider_volume_2019_2023.csv
LUMINIS,Luminis Health,Maryland,Oncology,Virginia Demo Market,Apr-Jun 2019,389,,mock_source_v2,vol_export_FINAL_v2.csv
NovantHlth,,Northern Virginia,ORTHOPEDICS,Virginia Demo Market,Oct-Dec 2020,691,All Payer,mock_source_v2,provider_volume_2019_2023.csv
medstar health,MedStar Health,DC Metro,cardiac services,Virginia Demo Market,Q1 2019,1360,Commercial,mock_source_v2,vol_export_FINAL_v2.csv
NOVANT HEALTH,Novant Health,Northern Virginia,Womens Health,Virginia Demo Market,Q4/2020,602 cases,All Payer,mock_source_v2,vol_export_final.csv
NOVANT,Novant Health,Northern Virginia,Neuro,Virginia Demo Market,2021-Q2,367,Commercial,mock_source_v2,provider_volume_2019_2023.csv
Med Star,MedStar Health,DC Metro,Behavioral Health,Virginia Demo Market,Apr-Jun 2023,626,Commercial,mock_source_v2,provider_volume_2019_2023.csv
Bon Secours,Bon Secours Mercy Health,Richmond,ED,Virginia Demo Market,Q4 2023,1569,Unknown,mock_source_v2,vol_export_FINAL_v2.csv
Carilion Clinic,Carilion Clinic,Roanoke,Gastro,Virginia Demo Market,Q3 2020,334,All Payer,mock_source_v2,provider_volume_2019_2023.csv
Luminis Health,Luminis Health,Maryland,Psych,Virginia Demo Market,Apr-Jun 2020,94,Unknown,mock_source_v2,provider_volume_2019_2023.csv
HCA,HCA Healthcare,Richmond,BEHAVIORAL HEALTH,Virginia Demo Market,2020 Q1,302,All Payer,mock_source_v2,vol_export_FINAL_v2.csv
NOVANT,Novant Health,Northern Virginia,cancer,Virginia Demo Market,Q3 2019,306,All Payer,mock_source_v2,provider_volume_2019_2023.csv
Inova Fairfax,Inova Health System,Northern Virginia,Cardiac,Virginia Demo Market,Jan-Mar 2023,"2,545",All Payer,mock_source_v2,vol_export_FINAL_v2.csv
Luminis Health,,Maryland,womens hlth,Virginia Demo Market,Q3 2019,,Commercial,mock_source_v2,vol_export_final.csv
BSMH,Bon Secours Mercy Health,Richmond,Cardiac,Virginia Demo Market,Apr-Jun 2019,847,All Payer,mock_source_v2,provider_volume_2019_2023.csv
inova,Inova Health System,Northern Virginia,women's health,Virginia Demo Market,Q2/2021,1964,All Payer,mock_source_v2,vol_export_FINAL_v2.csv
Luminis Health,Luminis Health,Maryland,gi services,Virginia Demo Market,Q4/2020,253,Medicaid,mock_source_v2,provider_volume_2019_2023.csv
HCA Healthcare VA,,Richmond,G.I.,Virginia Demo Market,2021 Q2,601,,mock_source_v2,provider_volume_2019_2023.csv
Privia,Privia Health Group,Northern Virginia,GI Services,Virginia Demo Market,Q1 2023,327,,mock_source_v2,vol_export_FINAL_v2.csv
U.V.A. Health,UVA Health,Charlottesville,NEURO,Virginia Demo Market,Q3 2020,731.0,Unknown,mock_source_v2,vol_export_final.csv
Inova,Inova Health System,Northern Virginia,ED,Virginia Demo Market,2021 Q2,3170,Medicare,mock_source_v2,vol_export_FINAL_v2.csv
BON SECOURS,Bon Secours Mercy Health,Richmond,gastro,Virginia Demo Market,2023 Q1,437,All Payer,mock_source_v2,provider_volume_2019_2023.csv
BON SECOURS,Bon Secours Mercy Health,Richmond,Oncology Services,Virginia Demo Market,2022-Q2,416,,mock_source_v2,vol_export_FINAL_v2.csv
Loudoun Hospital,Inova Health System,Northern Virginia,Cardiac,Virginia Demo Market,Q4/2019,673,All Payer,mock_source_v2,vol_export_FINAL_v2.csv
MEDSTAR,MedStar Health,DC Metro,BEHAVIORAL HEALTH,Virginia Demo Market,2020-Q1,482,All Payer,mock_source_v2,vol_export_final.csv
HCA Virginia,HCA Healthcare,Richmond,ONC,Virginia Demo Market,Q3/2021,521,Commercial,mock_source_v2,provider_volume_2019_2023.csv
MedStar,MedStar Health,DC Metro,CARDIOLOGY,Virginia Demo Market,Q3 2021,"1,287",Medicaid,mock_source_v2,vol_export_FINAL_v2.csv
Inova Loudoun Hospital,Inova Health System,Northern Virginia,NEUROLOGY,Virginia Demo Market,Jul-Sep 2021,314,Unknown,mock_source_v2,vol_export_final.csv
uva health,UVA Health,Charlottesville,Oncology Services,Virginia Demo Market,2022-Q2,1313,Medicaid,mock_source_v2,provider_volume_2019_2023.csv
U.V.A. Health,UVA Health,Charlottesville,ER Services,Virginia Demo Market,Q3-2019,1278,All Payer,mock_source_v2,vol_export_final.csv
hca hlth va,HCA Healthcare,Richmond,Mental Health,Virginia Demo Market,2023 Q2,341,All Payer,mock_source_v2,vol_export_FINAL_v2.csv
inova,Inova Health System,Northern Virginia,behavioral health,Virginia Demo Market,Q2 2022,719,Commercial,mock_source_v2,vol_export_final.csv
Bon Secours Health,Bon Secours Mercy Health,Richmond,BH,Virginia Demo Market,Q3-2020,168,Commercial,mock_source_v2,vol_export_FINAL_v2.csv
UVA Healthcare,,Charlottesville,GI,Virginia Demo Market,2022-Q1,488,,mock_source_v2,vol_export_final.csv
PRIVIA,Privia Health Group,Northern Virginia,OB/GYN,Virginia Demo Market,Q1-2022,587,All Payer,mock_source_v2,vol_export_final.csv
CARILION CLINIC,Carilion Clinic,Roanoke,GASTROENTEROLOGY,Virginia Demo Market,Q2/2020,187,Medicare,mock_source_v2,provider_volume_2019_2023.csv
INOVA HEALTH SYSTEM,,Northern Virginia,Behavioral Health,Virginia Demo Market,2021 Q4,689,Commercial,mock_source_v2,provider_volume_2019_2023.csv
Bon Secours Mercy,Bon Secours Mercy Health,Richmond,ortho,Virginia Demo Market,Q3/2023,1248.0,Unknown,mock_source_v2,vol_export_final.csv
Sentara Health,Sentara Healthcare,Hampton Roads,G.I.,Unknown,Jul-Sep 2019,740,All Payer,mock_source_v2,provider_volume_2019_2023.csv
luminis health,Luminis Health,Maryland,Ob-Gyn,Virginia Demo Market,2022-Q1,705,,mock_source_v2,vol_export_final.csv
U.V.A. Health,UVA Health,Charlottesville,ONCOLOGY,Virginia Demo Market,2020 Q1,1180,Commercial,mock_source_v2,vol_export_final.csv
Inova Loudoun Hospital,Inova Health System,Northern Virginia,MSK,Virginia Demo Market,2022 Q4,683,,mock_source_v2,vol_export_FINAL_v2.csv
MEDSTAR,MedStar Health,DC Metro,ONC,Virginia Demo Market,Q3/2019,915,Commercial,mock_source_v2,vol_export_final.csv
SENTARA,Sentara Healthcare,Hampton Roads,MSK,Virginia Demo Market,Q4-2019,1247,Commercial,mock_source_v2,provider_volume_2019_2023.csv
VCU Medical Center,VCU Health System,Richmond,Women,Virginia Demo Market,2022 Q4,856,All Payer,mock_source_v2,vol_export_final.csv
Luminis Health,Luminis Health,Maryland,Oncology,Virginia Demo Market,Q2/2020,181,Medicare,mock_source_v2,vol_export_FINAL_v2.csv
Inova,Inova Health System,Northern Virginia,NEUROLOGY,Virginia Demo Market,Q2 2023,1217,All Payer,mock_source_v2,provider_volume_2019_2023.csv
Luminis Hlth,Luminis Health,Maryland,GI,Virginia Demo Market,Jan-Mar 2019,278,All Payer,mock_source_v2,provider_volume_2019_2023.csv
Luminis,Luminis Health,Maryland,Women,Virginia Demo Market,2023 Q1,712,All Payer,mock_source_v2,vol_export_final.csv
UVA Health,UVA Health,Charlottesville,Mental Health,Virginia Demo Market,Q2 2021,440,All Payer,mock_source_v2,vol_export_final.csv
NOVANT,,Northern Virginia,ortho,Virginia Demo Market,Q4/2021,792,All Payer,mock_source_v2,vol_export_final.csv
sentara,Sentara Healthcare,Hampton Roads,card.,Virginia Demo Market,Oct-Dec 2021,1782,Unknown,mock_source_v2,vol_export_FINAL_v2.csv
SENTARA HEALTH,Sentara Healthcare,Hampton Roads,NEURO,Virginia Demo Market,Q3 2020,585,Medicare,mock_source_v2,provider_volume_2019_2023.csv
Bon Secours,Bon Secours Mercy Health,Richmond,womens hlth,Virginia Demo Market,Q4 2022,1297,Medicare,mock_source_v2,provider_volume_2019_2023.csv
SENTARA HEALTH,Sentara Healthcare,Hampton Roads,BH,Virginia Demo Market,2020 Q1,387,,mock_source_v2,provider_volume_2019_2023.csv
novant health,Novant Health,Northern Virginia,Cancer Services,National,Oct-Dec 2021,325,All Payer,mock_source_v2,vol_export_FINAL_v2.csv
MEDSTAR HEALTH,MedStar Health,DC Metro,ONC,Virginia Demo Market,2019-Q2,893,Medicare,mock_source_v2,provider_volume_2019_2023.csv
Sentara Healthcare,Sentara Healthcare,Hampton Roads,G.I.,Virginia Demo Market,2022-Q1,715,Medicaid,mock_source_v2,vol_export_final.csv
inova,Inova Health System,Northern Virginia,Behavioral Health,Virginia Demo Market,2019 Q2,597,Medicaid,mock_source_v2,provider_volume_2019_2023.csv
Carilion,Carilion Clinic,Roanoke,BH,Virginia Demo Market,Q1 2019,355,Medicaid,mock_source_v2,provider_volume_2019_2023.csv
UVA Health,UVA Health,Charlottesville,Neurology,Virginia Demo Market,2022-Q4,1034,Medicare,mock_source_v2,provider_volume_2019_2023.csv
Novant Health,Novant Health,Northern Virginia,NEUROLOGY,Virginia Demo Market,Apr-Jun 2023,393,Medicare,mock_source_v2,vol_export_final.csv
Inova Loudoun,Inova Health System,Northern Virginia,Psych,Virginia Demo Market,Q3 2020,130,Medicaid,mock_source_v2,vol_export_FINAL_v2.csv
INOVA Loudoun,Inova Health System,Northern Virginia,orthopaedics,Virginia Demo Market,Q4 2023,707,Unknown,mock_source_v2,provider_volume_2019_2023.csv
sentara hlth,Sentara Healthcare,Hampton Roads,Emergency Services,Virginia Demo Market,2022 Q4,2616,All Payer,mock_source_v2,vol_export_final.csv
privia health,Privia Health Group,Northern Virginia,Musculoskeletal,Virginia Demo Market,2019 Q4,328,Medicare,mock_source_v2,provider_volume_2019_2023.csv
NOVANT HEALTH,Novant Health,Northern Virginia,Cancer Services,Virginia Demo Market,2019 Q2,299,Medicare,mock_source_v2,provider_volume_2019_2023.csv
Privia Health,Privia Health Group,Northern Virginia,neurology,Virginia Demo Market,2021-Q4,254,Medicare,mock_source_v2,vol_export_FINAL_v2.csv
carilion clinic,Carilion Clinic,Roanoke,women's health,Virginia Demo Market,Jul-Sep 2022,808,All Payer,mock_source_v2,provider_volume_2019_2023.csv
HCA VIRGINIA,HCA Healthcare,Richmond,CARDIOLOGY,Virginia Demo Market,Q3-2020,825,All Payer,mock_source_v2,vol_export_final.csv
CARILION,Carilion Clinic,Roanoke,Musculoskeletal,Virginia Demo Market,Jul-Sep 2021,737,All Payer,mock_source_v2,vol_export_FINAL_v2.csv
CARILION,Carilion Clinic,Roanoke,ORTHOPEDICS,Virginia Demo Market,Q1-2023,650,Unknown,mock_source_v2,vol_export_final.csv
UVA,UVA Health,Charlottesville,behavioral health,Virginia Demo Market,2020-Q3,317,All Payer,mock_source_v2,vol_export_final.csv
sentara,Sentara Healthcare,Hampton Roads,Mental Health,Virginia Demo Market,Q3 2020,337,Medicare,mock_source_v2,provider_volume_2019_2023.csv
UNIVERSITY OF VIRGINIA HEALTH,UVA Health,Charlottesville,Womens Health,Virginia Demo Market,Q2 2022,924,Unknown,mock_source_v2,vol_export_FINAL_v2.csv
carilion clinic,Carilion Clinic,Roanoke,Heart Services,Virginia Demo Market,Jul-Sep 2021,751,,mock_source_v2,vol_export_final.csv
CARILION,Carilion Clinic,Roanoke,women's health,Virginia Demo Market,Oct-Dec 2022,748,All Payer,mock_source_v2,vol_export_FINAL_v2.csv
NOVANT,Novant Health,Northern Virginia,Orthopedic,Virginia Demo Market,Q2-2020,414,Medicare,mock_source_v2,vol_export_final.csv
MEDSTAR HEALTH,MedStar Health,DC Metro,G.I.,Virginia Demo Market,Q4-2019,615,Commercial,mock_source_v2,vol_export_FINAL_v2.csv
Sentara Health,Sentara Healthcare,Hampton Roads,GI Services,Virginia Demo Market,Q2/2023,817,Unknown,mock_source_v2,vol_export_final.csv
bon secours,Bon Secours Mercy Health,Richmond,gastro,Virginia Demo Market,Q3 2022,465,Unknown,mock_source_v2,provider_volume_2019_2023.csv
Inova Health,,Northern Virginia,Neurology,Virginia Demo Market,2023-Q3,1142.0,Medicare,mock_source_v2,vol_export_final.csv
hca virginia,HCA Healthcare,Richmond,card.,Virginia Demo Market,Q1 2023,1218,All Payer,mock_source_v2,vol_export_FINAL_v2.csv
UVA Healthcare,UVA Health,Charlottesville,Emergency,Virginia Demo Market,2021 Q1,1470,Medicaid,mock_source_v2,provider_volume_2019_2023.csv
HCA VIRGINIA,HCA Healthcare,Richmond,Psychiatry,Virginia Demo Market,Q2 2019,292,Medicaid,mock_source_v2,vol_export_final.csv
HCA Healthcare VA,HCA Healthcare,Richmond,Orthopedic,Virginia Demo Market,2019 Q3,1447,All Payer,mock_source_v2,provider_volume_2019_2023.csv
CARILION,Carilion Clinic,Roanoke,cardiac services,Virginia Demo Market,Q4/2022,890,Medicare,mock_source_v2,vol_export_FINAL_v2.csv
INOVA,Inova Health System,Northern Virginia,card.,Virginia Demo Market,2019-Q2,2116,Medicare,mock_source_v2,vol_export_final.csv
inova,Inova Health System,Northern Virginia,cancer,Virginia Demo Market,Apr-Jun 2020,616,All Payer,mock_source_v2,provider_volume_2019_2023.csv
inova,Inova Health System,Northern Virginia,Psychiatry,Virginia Demo Market,Jan-Mar 2021,652,Medicare,mock_source_v2,vol_export_FINAL_v2.csv
,,,,,,,,,
Sentara,Sentara Healthcare,Hampton Roads,CARD,Virginia Demo Market,Q1-2020,1496,All Payer,mock_source_v2,provider_volume_2019_2023.csv
BON SECOURS,Bon Secours Mercy Health,Richmond,E.D.,Virginia Demo Market,2022-Q2,1406,Medicare,mock_source_v2,vol_export_FINAL_v2.csv
Bon Secours Mercy,,Richmond,card.,Virginia Demo Market,2023-Q1,991,All Payer,mock_source_v2,vol_export_FINAL_v2.csv
Novant Health,Novant Health,Northern Virginia,onc.,Virginia Demo Market,Q2/2023,338,Medicare,mock_source_v2,vol_export_FINAL_v2.csv
HCA VIRGINIA,HCA Healthcare,Richmond,cancer,Virginia Demo Market,2020-Q1,482,Unknown,mock_source_v2,vol_export_final.csv
MEDSTAR HEALTH,MedStar Health,DC Metro,cardiac services,Virginia Demo Market,Q2/2020,589,Medicare,mock_source_v2,vol_export_final.csv
NovantHlth,,Northern Virginia,Emerg Svcs,Virginia Demo Market,Jan-Mar 2020,931,Medicare,mock_source_v2,provider_volume_2019_2023.csv
Bon Secours Mercy,Bon Secours Mercy Health,Richmond,Neuro,Virginia Demo Market,Jan-Mar 2022,417,Medicare,mock_source_v2,vol_export_final.csv
INOVA HEALTH SYSTEM,Inova Health System,Northern Virginia,Behavioral Health,Virginia Demo Market,2023-Q2,767,,mock_source_v2,vol_export_final.csv
inova loudoun,Inova Health System,Northern Virginia,cardiac services,Virginia Demo Market,Q1 2022,695,Unknown,mock_source_v2,vol_export_final.csv
vcu health,VCU Health System,Richmond,orthopaedics,Virginia Demo Market,Q4/2021,935,Medicaid,mock_source_v2,vol_export_FINAL_v2.csv
MedStar Health,,DC Metro,onc.,Virginia Demo Market,2022-Q4,981,All Payer,mock_source_v2,vol_export_FINAL_v2.csv
Sentara Healthcare,Sentara Healthcare,Hampton Roads,Women's Health,Virginia Demo Market,2019-Q1,1556,Medicare,mock_source_v2,vol_export_final.csv
InOva,Inova Health System,Northern Virginia,Gastroenterology,Virginia Demo Market,Q3/2022,941,All Payer,mock_source_v2,provider_volume_2019_2023.csv
Loudoun Hospital,Inova Health System,Northern Virginia,cancer,Virginia Demo Market,2022-Q4,320,All Payer,mock_source_v2,provider_volume_2019_2023.csv
U.V.A. Health,,Charlottesville,Cardiac,Virginia Demo Market,Q1-2023,1087,All Payer,mock_source_v2,provider_volume_2019_2023.csv
hca hlth va,HCA Healthcare,Richmond,womens hlth,Virginia Demo Market,Q1-2020,924,Medicare,mock_source_v2,vol_export_FINAL_v2.csv
UVA Healthcare,UVA Health,Charlottesville,Emergency,Virginia Demo Market,Q4-2020,1235,Medicare,mock_source_v2,vol_export_final.csv
VCU,VCU Health System,Richmond,Orthopedic,Virginia Demo Market,Q2-2021,1092,All Payer,mock_source_v2,vol_export_FINAL_v2.csv
UNIVERSITY OF VIRGINIA HEALTH,UVA Health,Charlottesville,Orthopedics,Virginia Demo Market,Q4-2022,859,,mock_source_v2,provider_volume_2019_2023.csv
BON SECOURS,Bon Secours Mercy Health,Richmond,NEURO,Virginia Demo Market,Oct-Dec 2020,366,,mock_source_v2,vol_export_FINAL_v2.csv
Privia Health,Privia Health Group,Northern Virginia,CARD,Virginia Demo Market,2022 Q2,476,Medicare,mock_source_v2,provider_volume_2019_2023.csv
medstar health,MedStar Health,DC Metro,Emerg Svcs,Virginia Demo Market,Jan-Mar 2022,2046,All Payer,mock_source_v2,provider_volume_2019_2023.csv
luminis health,Luminis Health,Maryland,NEURO,Virginia Demo Market,2022-Q1,381,Medicaid,mock_source_v2,provider_volume_2019_2023.csv
vcu,VCU Health System,Richmond,emergency services,Virginia Demo Market,2020 Q3,1222,Medicaid,mock_source_v2,vol_export_FINAL_v2.csv
INOVA Loudoun,,Northern Virginia,cancer,Virginia Demo Market,Jan-Mar 2023,308,Medicare,mock_source_v2,vol_export_FINAL_v2.csv
Luminis,Luminis Health,Maryland,Psych,Virginia Demo Market,Q3 2021,219,All Payer,mock_source_v2,provider_volume_2019_2023.csv
Luminis Health,Luminis Health,Maryland,Heart Services,Virginia Demo Market,Q2-2022,652,All Payer,mock_source_v2,vol_export_FINAL_v2.csv
Privia Hlth,,Northern Virginia,Womens Health,Virginia Demo Market,Q3 2019,515,,mock_source_v2,vol_export_final.csv
Privia Health,Privia Health Group,Northern Virginia,Orthopedic,Virginia Demo Market,2021-Q4,384,Unknown,mock_source_v2,vol_export_FINAL_v2.csv
Novant,Novant Health,Northern Virginia,Women's Health,Virginia Demo Market,Q3-2021,750,All Payer,mock_source_v2,provider_volume_2019_2023.csv
MedStar,MedStar Health,DC Metro,ER Services,Virginia Demo Market,Q4 2021,2018,All Payer,mock_source_v2,provider_volume_2019_2023.csv
HCA,HCA Healthcare,Richmond,Gastroenterology,Virginia Demo Market,Q4 2023,584,Medicare,mock_source_v2,vol_export_final.csv
MedStar Health,MedStar Health,DC Metro,gastro,Virginia Demo Market,Oct-Dec 2023,641,,mock_source_v2,vol_export_FINAL_v2.csv
Carilion Clinic,Carilion Clinic,Roanoke,E.D.,Virginia Demo Market,Q4-2020,1047,All Payer,mock_source_v2,vol_export_FINAL_v2.csv
VCU HEALTH,,Richmond,emergency services,Virginia Demo Market,Q3 2021,1630,All Payer,mock_source_v2,vol_export_FINAL_v2.csv
vcu health,VCU Health System,Richmond,Cancer Services,Virginia Demo Market,Q3-2021,3187,Medicare,mock_source_v2,vol_export_final.csv
Novant,Novant Health,Northern Virginia,cardiac services,Virginia Demo Market,2023 Q2,776,Commercial,mock_source_v2,vol_export_FINAL_v2.csv
Virginia Commonwealth,VCU Health System,Richmond,GI,Virginia Demo Market,2022 Q1,574,All Payer,mock_source_v2,vol_export_final.csv
LUMINIS HEALTH,Luminis Health,Maryland,womens hlth,Virginia Demo Market,Q4-2020,607,Unknown,mock_source_v2,vol_export_FINAL_v2.csv
sentara hlth,Sentara Healthcare,Hampton Roads,ORTHO,Virginia Demo Market,Jul-Sep 2019,1448,Medicare,mock_source_v2,provider_volume_2019_2023.csv
Carilion,Carilion Clinic,Roanoke,Orthopedic,Unknown,Jul-Sep 2023,767,All Payer,mock_source_v2,vol_export_final.csv
INOVA Loudoun,Inova Health System,Northern Virginia,Ob-Gyn,Virginia Demo Market,2023 Q2,913,,mock_source_v2,vol_export_FINAL_v2.csv
Sentara,,Hampton Roads,oncology,Virginia Demo Market,2021 Q4,883,Unknown,mock_source_v2,vol_export_FINAL_v2.csv
MedStar Health,,DC Metro,Orthopedic,Virginia Demo Market,Q3 2021,1274,,mock_source_v2,vol_export_FINAL_v2.csv
luminis health,Luminis Health,Maryland,Women's Health,TBD,Q2/2020,332,Commercial,mock_source_v2,provider_volume_2019_2023.csv
PRIVIA HEALTH GROUP,Privia Health Group,Northern Virginia,Ob-Gyn,Virginia Demo Market,2021-Q3,581,Commercial,mock_source_v2,vol_export_FINAL_v2.csv
Sentara Health,,Hampton Roads,Emerg Svcs,Virginia Demo Market,Q3-2023,2586,,mock_source_v2,vol_export_final.csv
Sentara Health,,Hampton Roads,cardiac services,National,Q2-2019,1319,All Payer,mock_source_v2,provider_volume_2019_2023.csv
Bon Secours,,Richmond,Oncology,Virginia Demo Market,Q3 2022,396,Medicare,mock_source_v2,provider_volume_2019_2023.csv
INOVA HEALTH SYSTEM,Inova Health System,Northern Virginia,E.D.,Virginia Demo Market,Jul-Sep 2022,3347,Commercial,mock_source_v2,vol_export_FINAL_v2.csv
Sentara,Sentara Healthcare,Hampton Roads,Emerg Svcs,Virginia Demo Market,Q1-2020,2310,Medicaid,mock_source_v2,provider_volume_2019_2023.csv
NovantHlth,Novant Health,Northern Virginia,ED,Virginia Demo Market,Q4 2020,856,Commercial,mock_source_v2,vol_export_FINAL_v2.csv
VCU Health,VCU Health System,Richmond,oncology,Virginia Demo Market,2021 Q1,3163,Medicare,mock_source_v2,vol_export_final.csv
LUMINIS HEALTH,,Maryland,ER Services,Virginia Demo Market,2022 Q2,912,Medicare,mock_source_v2,provider_volume_2019_2023.csv
inova,Inova Health System,Northern Virginia,MSK,Virginia Demo Market,2020 Q2,"1,333",Medicare,mock_source_v2,vol_export_FINAL_v2.csv
Carilion Health,Carilion Clinic,Roanoke,Women's Health,Virginia Demo Market,2021-Q2,756,Medicare,mock_source_v2,vol_export_final.csv
Sentara,,Hampton Roads,Neuro,Virginia Demo Market,Jan-Mar 2020,764,All Payer,mock_source_v2,provider_volume_2019_2023.csv
Carilion Clinic,,Roanoke,BEHAVIORAL HEALTH,Virginia Demo Market,2021 Q3,369,Unknown,mock_source_v2,vol_export_final.csv
UVA Healthcare,UVA Health,Charlottesville,NEUROLOGY,Virginia Demo Market,Q4 2021,979,,mock_source_v2,provider_volume_2019_2023.csv
INOVA HEALTH SYSTEM,Inova Health System,Northern Virginia,Neuro,Virginia Demo Market,Jul-Sep 2019,1104,All Payer,mock_source_v2,vol_export_final.csv
Novant,Novant Health,Northern Virginia,OB/GYN,National,Q2-2019,717,Commercial,mock_source_v2,vol_export_final.csv
sentara,Sentara Healthcare,Hampton Roads,ONCOLOGY,Virginia Demo Market,Jul-Sep 2023,856.0,Medicare,mock_source_v2,provider_volume_2019_2023.csv
Inova Health,Inova Health System,Northern Virginia,Mental Health,Virginia Demo Market,Q4 2019,609,All Payer,mock_source_v2,provider_volume_2019_2023.csv
NovantHlth,,Northern Virginia,onc.,Virginia Demo Market,Q4 2023,334,Unknown,mock_source_v2,provider_volume_2019_2023.csv
vcu,VCU Health System,Richmond,BEHAVIORAL HEALTH,Virginia Demo Market,Jul-Sep 2021,1049,Commercial,mock_source_v2,provider_volume_2019_2023.csv
carilion clinic,Carilion Clinic,Roanoke,Oncology Services,Virginia Demo Market,2020 Q2,270,Commercial,mock_source_v2,vol_export_FINAL_v2.csv
MEDSTAR HEALTH,MedStar Health,DC Metro,Neuro,Virginia Demo Market,Jan-Mar 2023,890,Unknown,mock_source_v2,vol_export_final.csv
NOVANT,Novant Health,Northern Virginia,behav hlth,Virginia Demo Market,2019-Q4,213,Medicare,mock_source_v2,vol_export_final.csv
inova loudoun,Inova Health System,Northern Virginia,Gastro,Virginia Demo Market,Jul-Sep 2021,269.0,Medicare,mock_source_v2,provider_volume_2019_2023.csv
PRIVIA,Privia Health Group,Northern Virginia,Women's Health,Virginia Demo Market,Q4 2021,563,Medicaid,mock_source_v2,vol_export_FINAL_v2.csv
Sentara Health,Sentara Healthcare,Hampton Roads,Heart Services,Virginia Demo Market,Q1 2019,1477,Medicaid,mock_source_v2,vol_export_FINAL_v2.csv
LUMINIS,Luminis Health,Maryland,gi services,Virginia Demo Market,Oct-Dec 2019,291,Unknown,mock_source_v2,vol_export_FINAL_v2.csv
VCU Medical Center,VCU Health System,Richmond,ORTHO,Virginia Demo Market,2020-Q3,825,Commercial,mock_source_v2,vol_export_FINAL_v2.csv
Carilion,Carilion Clinic,Roanoke,Women's Health,Virginia Demo Market,Jan-Mar 2020,696,,mock_source_v2,provider_volume_2019_2023.csv
privia health,Privia Health Group,Northern Virginia,Cardiac,Virginia Demo Market,Q4 2019,472,All Payer,mock_source_v2,provider_volume_2019_2023.csv
vcu health,VCU Health System,Richmond,Gastroenterology,TBD,Q1 2023,583,,mock_source_v2,provider_volume_2019_2023.csv
PRIVIA,Privia Health Group,Northern Virginia,OB/GYN,Virginia Demo Market,Q3 2023,679,Commercial,mock_source_v2,provider_volume_2019_2023.csv
Bon Secours Mercy,Bon Secours Mercy Health,Richmond,ONCOLOGY,Virginia Demo Market,Jan-Mar 2023,393.0,All Payer,mock_source_v2,vol_export_FINAL_v2.csv
VCU Health,VCU Health System,Richmond,card.,Virginia Demo Market,Q1/2023,1226,,mock_source_v2,vol_export_final.csv
MedStar,,DC Metro,Women's Health,Virginia Demo Market,Q4 2022,1088,Medicare,mock_source_v2,provider_volume_2019_2023.csv
BSMH,Bon Secours Mercy Health,Richmond,cardiac services,Virginia Demo Market,2020 Q2,394,Medicaid,mock_source_v2,provider_volume_2019_2023.csv
INOVA,Inova Health System,Northern Virginia,behav hlth,Virginia Demo Market,Q3/2021,706,Medicaid,mock_source_v2,provider_volume_2019_2023.csv
vcu health,,Richmond,Neurology,Virginia Demo Market,Jul-Sep 2019,1430,Medicare,mock_source_v2,vol_export_final.csv
Carilion,Carilion Clinic,Roanoke,Cardiology,Virginia Demo Market,Apr-Jun 2021,757,Medicare,mock_source_v2,vol_export_FINAL_v2.csv
vcu,VCU Health System,Richmond,Heart Services,Virginia Demo Market,2020 Q1,1143,All Payer,mock_source_v2,vol_export_FINAL_v2.csv
UVA Healthcare,UVA Health,Charlottesville,cardiac services,Virginia Demo Market,Apr-Jun 2022,972,,mock_source_v2,vol_export_FINAL_v2.csv
UNIVERSITY OF VIRGINIA HEALTH,UVA Health,Charlottesville,ED,Virginia Demo Market,2021 Q2,1295,,mock_source_v2,vol_export_FINAL_v2.csv
privia health,Privia Health Group,Northern Virginia,Gastro,Virginia Demo Market,2021 Q4,307,Medicare,mock_source_v2,vol_export_FINAL_v2.csv
inova loudoun,Inova Health System,Northern Virginia,Neurology,Virginia Demo Market,2020-Q4,285,Unknown,mock_source_v2,vol_export_FINAL_v2.csv
luminis health,Luminis Health,Maryland,behavioral health,Virginia Demo Market,Q4 2020,192,All Payer,mock_source_v2,vol_export_final.csv
Novant Health,Novant Health,Northern Virginia,ONCOLOGY,Virginia Demo Market,2021 Q1,310,Unknown,mock_source_v2,vol_export_FINAL_v2.csv
inova health,Inova Health System,Northern Virginia,Womens Health,Virginia Demo Market,Q2-2020,843,All Payer,mock_source_v2,provider_volume_2019_2023.csv
Bon Secours Health,Bon Secours Mercy Health,Richmond,gi services,Virginia Demo Market,Q3-2023,475,Unknown,mock_source_v2,vol_export_FINAL_v2.csv
MedStar Health,,DC Metro,ER Services,Virginia Demo Market,2023 Q3,1910,Unknown,mock_source_v2,provider_volume_2019_2023.csv
INOVA LOUDOUN,Inova Health System,Northern Virginia,women's health,National,Q1 2023,832,Unknown,mock_source_v2,provider_volume_2019_2023.csv
CARILION CLINIC,,Roanoke,onc.,Unknown,Q1-2021,628,Unknown,mock_source_v2,vol_export_final.csv
Carilion Clinic,Carilion Clinic,Roanoke,Psychiatry,Virginia Demo Market,Q2/2023,381,Medicaid,mock_source_v2,provider_volume_2019_2023.csv
INOVA Loudoun,Inova Health System,Northern Virginia,Cancer Services,Virginia Demo Market,Q2/2021,ERROR,Medicare,mock_source_v2,provider_volume_2019_2023.csv
MEDSTAR,MedStar Health,DC Metro,Musculoskeletal,Virginia Demo Market,Q2/2020,571,All Payer,mock_source_v2,vol_export_final.csv
HCA Virginia,HCA Healthcare,Richmond,Women,Virginia Demo Market,Q2 2020,451,Medicaid,mock_source_v2,provider_volume_2019_2023.csv
Med Star,MedStar Health,DC Metro,NEUROLOGY,Virginia Demo Market,Q3-2023,910,All Payer,mock_source_v2,vol_export_FINAL_v2.csv
MEDSTAR HEALTH,MedStar Health,DC Metro,OB/GYN,Virginia Demo Market,Apr-Jun 2019,1112,,mock_source_v2,vol_export_FINAL_v2.csv
LUMINIS HEALTH,Luminis Health,Maryland,Neurological Svcs,Virginia Demo Market,Q4 2022,370,All Payer,mock_source_v2,vol_export_FINAL_v2.csv
MEDSTAR,MedStar Health,DC Metro,G.I.,Virginia Demo Market,Apr-Jun 2023,683,Medicare,mock_source_v2,vol_export_FINAL_v2.csv
VCU Medical Center,VCU Health System,Richmond,MSK,Virginia Demo Market,2022-Q4,972,Medicare,mock_source_v2,vol_export_final.csv
SENTARA,Sentara Healthcare,Hampton Roads,gi services,Virginia Demo Market,Q4 2022,727,Medicare,mock_source_v2,vol_export_FINAL_v2.csv
UVA Health,UVA Health,Charlottesville,MSK,Virginia Demo Market,2020-Q4,717,All Payer,mock_source_v2,provider_volume_2019_2023.csv
Sentara Healthcare,Sentara Healthcare,Hampton Roads,onc.,Virginia Demo Market,2019 Q1,914,,mock_source_v2,vol_export_final.csv
UVA,UVA Health,Charlottesville,Gastroenterology,Virginia Demo Market,Q1 2020,456,Medicaid,mock_source_v2,vol_export_FINAL_v2.csv
VCU,VCU Health System,Richmond,ORTHO,Virginia Demo Market,2019-Q1,862,All Payer,mock_source_v2,provider_volume_2019_2023.csv
uva health,UVA Health,Charlottesville,Psych,Virginia Demo Market,2019 Q3,396,All Payer,mock_source_v2,vol_export_final.csv
Carilion Health,Carilion Clinic,Roanoke,Neuro,Virginia Demo Market,Q1/2022,772,,mock_source_v2,vol_export_FINAL_v2.csv
MedStar,,DC Metro,gi services,Virginia Demo Market,Q2 2019,638,Unknown,mock_source_v2,vol_export_final.csv
CARILION CLINIC,Carilion Clinic,Roanoke,Mental Health,Virginia Demo Market,Q2 2022,372,All Payer,mock_source_v2,vol_export_FINAL_v2.csv
medstar health,MedStar Health,DC Metro,Oncology Services,Virginia Demo Market,Q4-2021,944,All Payer,mock_source_v2,provider_volume_2019_2023.csv
BSMH,Bon Secours Mercy Health,Richmond,EMERGENCY,Virginia Demo Market,2021-Q2,1322,,mock_source_v2,provider_volume_2019_2023.csv
Carilion Health,Carilion Clinic,Roanoke,Gastroenterology,Virginia Demo Market,Oct-Dec 2022,415.0,Medicare,mock_source_v2,vol_export_FINAL_v2.csv
inova,Inova Health System,Northern Virginia,ortho,Virginia Demo Market,Q2/2023,2642,Commercial,mock_source_v2,vol_export_final.csv
sentara,Sentara Healthcare,Hampton Roads,Neurology,Virginia Demo Market,Q1 2022,793.0,All Payer,mock_source_v2,vol_export_final.csv
vcu,VCU Health System,Richmond,oncology,Virginia Demo Market,Q1-2020,"2,852",All Payer,mock_source_v2,provider_volume_2019_2023.csv
inova,Inova Health System,Northern Virginia,women's health,Virginia Demo Market,Q2/2021,1964,All Payer,mock_source_v2,vol_export_FINAL_v2.csv
Novant Health,Novant Health,Northern Virginia,Psych,Virginia Demo Market,2022 Q2,,,mock_source_v2,provider_volume_2019_2023.csv
NovantHlth,Novant Health,Northern Virginia,womens hlth,Virginia Demo Market,Q3 2020,581,All Payer,mock_source_v2,vol_export_FINAL_v2.csv
NovantHlth,Novant Health,Northern Virginia,ORTHO,Virginia Demo Market,Q3-2019,893,Unknown,mock_source_v2,vol_export_final.csv
U.V.A. Health,UVA Health,Charlottesville,Neurology,Virginia Demo Market,2021 Q1,967,Commercial,mock_source_v2,vol_export_final.csv
INOVA Loudoun,Inova Health System,Northern Virginia,neurology,Virginia Demo Market,Q4/2021,318,All Payer,mock_source_v2,vol_export_FINAL_v2.csv
MedStar Health,MedStar Health,DC Metro,onc.,Virginia Demo Market,Apr-Jun 2020,418,Medicare,mock_source_v2,provider_volume_2019_2023.csv
inova loudoun,Inova Health System,Northern Virginia,WOMENS HEALTH,Virginia Demo Market,Q3-2023,931,All Payer,mock_source_v2,vol_export_final.csv
INOVA HEALTH SYSTEM,Inova Health System,Northern Virginia,ER Services,Virginia Demo Market,Q1/2020,3315,Medicare,mock_source_v2,vol_export_FINAL_v2.csv
CARILION CLINIC,Carilion Clinic,Roanoke,ER Services,Virginia Demo Market,2021 Q4,1156,Unknown,mock_source_v2,vol_export_final.csv
INOVA LOUDOUN,,Northern Virginia,OB/GYN,Virginia Demo Market,Q3-2021,841,All Payer,mock_source_v2,provider_volume_2019_2023.csv
Inova Loudoun Hospital,Inova Health System,Northern Virginia,EMERGENCY,Virginia Demo Market,2021 Q4,1036,All Payer,mock_source_v2,provider_volume_2019_2023.csv
luminis health,,Maryland,E.D.,Virginia Demo Market,Q1/2022,1027,Medicare,mock_source_v2,vol_export_final.csv
Luminis Health,Luminis Health,Maryland,WOMENS HEALTH,Virginia Demo Market,Oct-Dec 2021,717 cases,All Payer,mock_source_v2,vol_export_FINAL_v2.csv
hca hlth va,HCA Healthcare,Richmond,cancer,Virginia Demo Market,2023 Q3,,Medicare,mock_source_v2,vol_export_final.csv
inova loudoun,,Northern Virginia,Emergency,,2022 Q3,983,All Payer,mock_source_v2,vol_export_final.csv
Inova Fairfax,,Northern Virginia,BH,Virginia Demo Market,Q4 2022,732,All Payer,mock_source_v2,vol_export_FINAL_v2.csv
Luminis Hlth,Luminis Health,Maryland,EMERGENCY,Virginia Demo Market,2022 Q3,941,All Payer,mock_source_v2,vol_export_FINAL_v2.csv
Privia,Privia Health Group,Northern Virginia,women's health,Virginia Demo Market,Q4/2019,0,All Payer,mock_source_v2,vol_export_FINAL_v2.csv
MedStar,MedStar Health,DC Metro,behav hlth,Virginia Demo Market,Oct-Dec 2020,478,Unknown,mock_source_v2,vol_export_final.csv
HCA VIRGINIA,HCA Healthcare,Richmond,womens hlth,Virginia Demo Market,2023-Q4,1046,All Payer,mock_source_v2,vol_export_final.csv
LUMINIS HEALTH,Luminis Health,Maryland,Neuro,Virginia Demo Market,Q2 2019,347,All Payer,mock_source_v2,vol_export_FINAL_v2.csv
Virginia Commonwealth,VCU Health System,Richmond,Emerg Svcs,Virginia Demo Market,Oct-Dec 2022,1862,Medicare,mock_source_v2,provider_volume_2019_2023.csv
BON SECOURS,Bon Secours Mercy Health,Richmond,E.D.,Virginia Demo Market,Jan-Mar 2022,1665,Medicare,mock_source_v2,vol_export_FINAL_v2.csv
VCU,VCU Health System,Richmond,behavioral health,Virginia Demo Market,Oct-Dec 2021,1062,All Payer,mock_source_v2,provider_volume_2019_2023.csv
SENTARA,Sentara Healthcare,Hampton Roads,Womens Health,Virginia Demo Market,Oct-Dec 2019,1589,All Payer,mock_source_v2,vol_export_FINAL_v2.csv
privia health,Privia Health Group,Northern Virginia,GI,Virginia Demo Market,Q4 2022,330,Unknown,mock_source_v2,vol_export_final.csv
UNIVERSITY OF VIRGINIA HEALTH,UVA Health,Charlottesville,Psych,Virginia Demo Market,2022 Q1,448,Unknown,mock_source_v2,vol_export_FINAL_v2.csv
Privia Health,Privia Health Group,Northern Virginia,Emerg Svcs,Virginia Demo Market,2023-Q4,126,Medicaid,mock_source_v2,vol_export_final.csv
inova loudoun,Inova Health System,Northern Virginia,GI Services,Virginia Demo Market,Q2-2021,272,All Payer,mock_source_v2,vol_export_FINAL_v2.csv
Novant Health,Novant Health,Northern Virginia,Musculoskeletal,Virginia Demo Market,Oct-Dec 2019,725,Unknown,mock_source_v2,vol_export_final.csv
Virginia Commonwealth,VCU Health System,Richmond,OB/GYN,Virginia Demo Market,2020 Q3,674,Medicaid,mock_source_v2,provider_volume_2019_2023.csv
LUMINIS,Luminis Health,Maryland,neurology,Virginia Demo Market,Apr-Jun 2023,368,Commercial,mock_source_v2,vol_export_FINAL_v2.csv
SENTARA,Sentara Healthcare,Hampton Roads,gi services,Virginia Demo Market,Q1/2020,649,Commercial,mock_source_v2,provider_volume_2019_2023.csv
PRIVIA HEALTH GROUP,Privia Health Group,Northern Virginia,Psychiatry,Virginia Demo Market,Q2 2021,354,Medicare,mock_source_v2,vol_export_FINAL_v2.csv
novant health,Novant Health,Northern Virginia,behavioral health,Virginia Demo Market,2019-Q1,203,Medicare,mock_source_v2,vol_export_FINAL_v2.csv
Inova Health,Inova Health System,Northern Virginia,Cancer Services,Virginia Demo Market,Q3/2019,1397,Commercial,mock_source_v2,vol_export_FINAL_v2.csv
bon secours,Bon Secours Mercy Health,Richmond,ORTHOPEDICS,Virginia Demo Market,2022-Q2,1336,All Payer,mock_source_v2,vol_export_final.csv
bon secours,Bon Secours Mercy Health,Richmond,women's health,Virginia Demo Market,Jan-Mar 2022,1341,All Payer,mock_source_v2,vol_export_FINAL_v2.csv
NOVANT HEALTH,Novant Health,Northern Virginia,Behavioral Health,Virginia Demo Market,Oct-Dec 2021,219,Unknown,mock_source_v2,vol_export_final.csv
MedStar Health,MedStar Health,DC Metro,Orthopedics,Virginia Demo Market,2021 Q4,1056,Unknown,mock_source_v2,provider_volume_2019_2023.csv
Privia Health,,Northern Virginia,cancer,Virginia Demo Market,Apr-Jun 2020,73,Unknown,mock_source_v2,vol_export_FINAL_v2.csv
Sentara Healthcare,Sentara Healthcare,Hampton Roads,onc.,Virginia Demo Market,Q4 2020,99999,Medicaid,mock_source_v2,provider_volume_2019_2023.csv
Privia,Privia Health Group,Northern Virginia,Emerg Svcs,Virginia Demo Market,Q1 2023,134,,mock_source_v2,provider_volume_2019_2023.csv
HCA Healthcare VA,HCA Healthcare,Richmond,women's health,Virginia Demo Market,Apr-Jun 2021,1027,All Payer,mock_source_v2,vol_export_final.csv
V.C.U. Health,VCU Health System,Richmond,GASTROENTEROLOGY,Virginia Demo Market,Q2 2019,628,All Payer,mock_source_v2,vol_export_FINAL_v2.csv
carilion clinic,Carilion Clinic,Roanoke,card.,Virginia Demo Market,Oct-Dec 2021,863,All Payer,mock_source_v2,vol_export_final.csv
V.C.U. Health,VCU Health System,Richmond,cancer,Virginia Demo Market,2023 Q4,3730,All Payer,mock_source_v2,vol_export_FINAL_v2.csv
UVA Healthcare,UVA Health,Charlottesville,Psychiatry,Virginia Demo Market,Q3/2023,467,Unknown,mock_source_v2,vol_export_final.csv
LUMINIS HEALTH,Luminis Health,Maryland,behavioral health,National,Oct-Dec 2022,225,Unknown,mock_source_v2,provider_volume_2019_2023.csv
V.C.U. Health,VCU Health System,Richmond,cardiology,Virginia Demo Market,Apr-Jun 2021,1093,All Payer,mock_source_v2,provider_volume_2019_2023.csv
LUMINIS HEALTH,Luminis Health,Maryland,NEUROLOGY,Virginia Demo Market,2020-Q1,355,Medicare,mock_source_v2,provider_volume_2019_2023.csv
UVA,UVA Health,Charlottesville,OB/GYN,Virginia Demo Market,Q4 2020,752,Medicare,mock_source_v2,vol_export_final.csv
Inova Loudoun Hospital,Inova Health System,Northern Virginia,BEHAVIORAL HEALTH,Virginia Demo Market,Q4 2020,144,All Payer,mock_source_v2,vol_export_final.csv
BON SECOURS,Bon Secours Mercy Health,Richmond,NEURO,Virginia Demo Market,2022 Q4,417,Medicaid,mock_source_v2,vol_export_FINAL_v2.csv
inova,Inova Health System,Northern Virginia,ortho,Virginia Demo Market,Oct-Dec 2021,2393,Commercial,mock_source_v2,provider_volume_2019_2023.csv
Med Star,MedStar Health,DC Metro,OB/GYN,Virginia Demo Market,2021-Q1,1151,,mock_source_v2,vol_export_FINAL_v2.csv
Inova Health,Inova Health System,Northern Virginia,ORTHO,Virginia Demo Market,2022-Q1,2218,All Payer,mock_source_v2,provider_volume_2019_2023.csv
Sentara Healthcare,TBD,Hampton Roads,neuro services,Virginia Demo Market,Apr-Jun 2019,716,All Payer,mock_source_v2,provider_volume_2019_2023.csv
Inova Loudoun Hospital,Inova Health System,Northern Virginia,neurology,Virginia Demo Market,2023 Q4,342,Commercial,mock_source_v2,vol_export_FINAL_v2.csv
Privia Health,Privia Health Group,Northern Virginia,gi services,Virginia Demo Market,Jul-Sep 2019,264 cases,All Payer,mock_source_v2,vol_export_FINAL_v2.csv
Inova Loudoun Hospital,Inova Health System,Northern Virginia,Emergency,Virginia Demo Market,Oct-Dec 2022,1021,All Payer,mock_source_v2,provider_volume_2019_2023.csv
Privia Health,Privia Health Group,Northern Virginia,Emergency Services,Virginia Demo Market,Q2/2020,43,All Payer,mock_source_v2,vol_export_FINAL_v2.csv
InOva,Inova Health System,Northern Virginia,CARD,Virginia Demo Market,Q4-2019,"2,346",Medicare,mock_source_v2,vol_export_FINAL_v2.csv
MedStar Health,MedStar Health,DC Metro,women's health,Virginia Demo Market,Apr-Jun 2020,504,Medicare,mock_source_v2,vol_export_FINAL_v2.csv
INOVA Loudoun,Inova Health System,Northern Virginia,onc.,Virginia Demo Market,Oct-Dec 2019,293,Commercial,mock_source_v2,vol_export_FINAL_v2.csv
INOVA LOUDOUN,Inova Health System,Northern Virginia,onc.,Virginia Demo Market,Q4 2023,,All Payer,mock_source_v2,vol_export_final.csv
vcu,VCU Health System,Richmond,women's health,Virginia Demo Market,Apr-Jun 2023,881,All Payer,mock_source_v2,vol_export_final.csv
Carilion Health,Carilion Clinic,Roanoke,Neuro,Virginia Demo Market,Q1/2020,TBD,,mock_source_v2,vol_export_final.csv
UVA Healthcare,UVA Health,Charlottesville,gastro,Virginia Demo Market,2023 Q4,514,Medicaid,mock_source_v2,provider_volume_2019_2023.csv
carilion clinic,Carilion Clinic,Roanoke,Psychiatry,Virginia Demo Market,2020 Q3,291,Medicaid,mock_source_v2,provider_volume_2019_2023.csv
VCU HEALTH,VCU Health System,Richmond,BH,Virginia Demo Market,2022 Q4,1147,All Payer,mock_source_v2,vol_export_final.csv
sentara,Sentara Healthcare,Hampton Roads,ORTHOPEDICS,Virginia Demo Market,2019 Q2,1428.0,Unknown,mock_source_v2,provider_volume_2019_2023.csv
hca virginia,HCA Healthcare,Richmond,NEUROLOGY,Virginia Demo Market,Q3-2019,495,All Payer,mock_source_v2,provider_volume_2019_2023.csv
BSMH,,Richmond,WOMENS HEALTH,Virginia Demo Market,Q4/2020,1133,,mock_source_v2,vol_export_FINAL_v2.csv
VCU HEALTH,VCU Health System,Richmond,Women's Health,Virginia Demo Market,Q1 2020,778,,mock_source_v2,vol_export_FINAL_v2.csv
Sentara,Sentara Healthcare,Hampton Roads,oncology,Virginia Demo Market,Jul-Sep 2021,851,Medicare,mock_source_v2,provider_volume_2019_2023.csv
LUMINIS HEALTH,Luminis Health,Maryland,Emergency,Virginia Demo Market,2019 Q2,826,,mock_source_v2,vol_export_FINAL_v2.csv
Sentara,Sentara Healthcare,Hampton Roads,Psych,Virginia Demo Market,Apr-Jun 2020,182,All Payer,mock_source_v2,provider_volume_2019_2023.csv
INOVA LOUDOUN,Inova Health System,Northern Virginia,Neuro,Virginia Demo Market,2019-Q3,293,All Payer,mock_source_v2,vol_export_final.csv
HCA,HCA Healthcare,Richmond,Orthopedics,Virginia Demo Market,Q1/2020,1106,Unknown,mock_source_v2,provider_volume_2019_2023.csv
Inova Loudoun Hospital,Inova Health System,Northern Virginia,orthopaedics,Virginia Demo Market,Q1/2023,676,All Payer,mock_source_v2,vol_export_final.csv
VCU Health,VCU Health System,Richmond,Psychiatry,Virginia Demo Market,2019-Q4,916,All Payer,mock_source_v2,vol_export_final.csv
carilion clinic,Carilion Clinic,Roanoke,NEURO,Virginia Demo Market,Apr-Jun 2023,731,All Payer,mock_source_v2,vol_export_final.csv
carilion clinic,Carilion Clinic,Roanoke,orthopaedics,Virginia Demo Market,Q4-2020,,Medicaid,mock_source_v2,vol_export_final.csv
INOVA LOUDOUN,,Northern Virginia,behavioral health,Virginia Demo Market,Q1/2021,165,All Payer,mock_source_v2,vol_export_final.csv
VCU Medical Center,VCU Health System,Richmond,cancer,Virginia Demo Market,Apr-Jun 2022,3437,Unknown,mock_source_v2,provider_volume_2019_2023.csv
Bon Secours,Bon Secours Mercy Health,Richmond,Cardiac,Virginia Demo Market,Q3-2020,640,Commercial,mock_source_v2,vol_export_final.csv
InOva,Inova Health System,Northern Virginia,E.D.,Virginia Demo Market,Q2/2019,3073,All Payer,mock_source_v2,provider_volume_2019_2023.csv
HCA,,Richmond,behav hlth,Virginia Demo Market,Jan-Mar 2021,328,Unknown,mock_source_v2,vol_export_final.csv
Bon Secours,Bon Secours Mercy Health,Richmond,NEURO,Virginia Demo Market,2023 Q1,420,All Payer,mock_source_v2,vol_export_FINAL_v2.csv
HCA Healthcare VA,,Richmond,cancer,Virginia Demo Market,Q4-2023,520,All Payer,mock_source_v2,vol_export_FINAL_v2.csv
PRIVIA,Privia Health Group,Northern Virginia,Gastro,Virginia Demo Market,Q4-2023,336,Unknown,mock_source_v2,provider_volume_2019_2023.csv
PRIVIA HEALTH GROUP,Privia Health Group,Northern Virginia,behavioral health,Virginia Demo Market,Q3-2023,427,,mock_source_v2,vol_export_final.csv
Luminis Hlth,Luminis Health,Maryland,GI,Virginia Demo Market,Jan-Mar 2019,278,All Payer,mock_source_v2,provider_volume_2019_2023.csv
UNIVERSITY OF VIRGINIA HEALTH,UVA Health,Charlottesville,BEHAVIORAL HEALTH,Virginia Demo Market,Q2/2023,462,All Payer,mock_source_v2,vol_export_FINAL_v2.csv
PRIVIA HEALTH GROUP,Privia Health Group,Northern Virginia,WOMENS HEALTH,Virginia Demo Market,Q2 2023,642,All Payer,mock_source_v2,vol_export_final.csv
UVA Health,,Charlottesville,Psych,Virginia Demo Market,Q2-2022,440,All Payer,mock_source_v2,vol_export_FINAL_v2.csv
HCA VIRGINIA,HCA Healthcare,Richmond,women's health,Virginia Demo Market,Q1/2023,1029,Unknown,mock_source_v2,vol_export_final.csv
medstar health,MedStar Health,DC Metro,NEUROLOGY,Virginia Demo Market,Q2-2022,857,All Payer,mock_source_v2,provider_volume_2019_2023.csv
MedStar Health,,DC Metro,gi services,Virginia Demo Market,Q1/2022,605,Unknown,mock_source_v2,provider_volume_2019_2023.csv
bon secours,Bon Secours Mercy Health,Richmond,E.D.,Virginia Demo Market,2021 Q1,1530,Commercial,mock_source_v2,vol_export_FINAL_v2.csv
Inova Loudoun,,Northern Virginia,GASTROENTEROLOGY,Virginia Demo Market,2020 Q3,206,All Payer,mock_source_v2,vol_export_final.csv
LUMINIS,Luminis Health,Maryland,NEUROLOGY,Virginia Demo Market,Q4 2021,372,Medicare,mock_source_v2,vol_export_final.csv
Novant,Novant Health,Northern Virginia,Oncology,Virginia Demo Market,2022 Q4,318,Unknown,mock_source_v2,provider_volume_2019_2023.csv
bon secours,Bon Secours Mercy Health,Richmond,ER Services,Virginia Demo Market,Q4/2020,1338,Commercial,mock_source_v2,provider_volume_2019_2023.csv
BSMH,Bon Secours Mercy Health,Richmond,Neuro,Virginia Demo Market,Jul-Sep 2020,312,,mock_source_v2,provider_volume_2019_2023.csv
NOVANT HEALTH,Novant Health,Northern Virginia,Musculoskeletal,Virginia Demo Market,2019 Q1,735,Commercial,mock_source_v2,vol_export_final.csv
Carilion Health,Carilion Clinic,Roanoke,BH,Virginia Demo Market,2023 Q3,405,All Payer,mock_source_v2,provider_volume_2019_2023.csv
BSMH,Bon Secours Mercy Health,Richmond,Neurology,Virginia Demo Market,Jan-Mar 2019,409,Medicare,mock_source_v2,vol_export_final.csv
Inova Loudoun Hospital,Inova Health System,Northern Virginia,GI,,Q1 2022,249,All Payer,mock_source_v2,vol_export_final.csv
Luminis,Luminis Health,Maryland,onc.,Virginia Demo Market,Q3/2022,402,All Payer,mock_source_v2,provider_volume_2019_2023.csv
Luminis,Luminis Health,Maryland,gastro,Virginia Demo Market,Q1-2023,299,Medicare,mock_source_v2,vol_export_final.csv
Bon Secours Mercy,Bon Secours Mercy Health,Richmond,Psychiatry,TBD,Q2-2019,194,Medicare,mock_source_v2,vol_export_final.csv
Inova Loudoun,Inova Health System,Northern Virginia,Emergency,Virginia Demo Market,Q1 2022,1037,All Payer,mock_source_v2,provider_volume_2019_2023.csv
inova loudoun,Inova Health System,Northern Virginia,Behavioral Health,Virginia Demo Market,Q3 2022,186,Unknown,mock_source_v2,vol_export_FINAL_v2.csv
Carilion,Carilion Clinic,Roanoke,WOMENS HEALTH,Virginia Demo Market,Q3 2021,769,All Payer,mock_source_v2,vol_export_FINAL_v2.csv
INOVA Loudoun,,Northern Virginia,behavioral health,Virginia Demo Market,Q2-2023,199,All Payer,mock_source_v2,vol_export_final.csv
INOVA Loudoun,Inova Health System,Northern Virginia,cancer,Virginia Demo Market,2021 Q4,318,Commercial,mock_source_v2,vol_export_FINAL_v2.csv
NovantHlth,Novant Health,Northern Virginia,Psychiatry,Virginia Demo Market,Q2/2021,221,Medicare,mock_source_v2,vol_export_FINAL_v2.csv
Carilion Health,Carilion Clinic,Roanoke,Heart Services,Virginia Demo Market,2022-Q2,793,Medicaid,mock_source_v2,vol_export_final.csv
privia health,Privia Health Group,Northern Virginia,Emergency Services,Virginia Demo Market,Jul-Sep 2023,,Medicare,mock_source_v2,provider_volume_2019_2023.csv
Novant,Novant Health,Northern Virginia,Emergency,Virginia Demo Market,2019-Q3,875,Commercial,mock_source_v2,provider_volume_2019_2023.csv
NovantHlth,Novant Health,Northern Virginia,Emergency,Virginia Demo Market,2021 Q4,1004.0,Medicaid,mock_source_v2,provider_volume_2019_2023.csv
UNIVERSITY OF VIRGINIA HEALTH,UVA Health,Charlottesville,Musculoskeletal,Virginia Demo Market,2021-Q2,988,Medicaid,mock_source_v2,vol_export_FINAL_v2.csv
vcu,VCU Health System,Richmond,card.,Virginia Demo Market,Oct-Dec 2022,1302,Medicaid,mock_source_v2,provider_volume_2019_2023.csv
Novant Health,Novant Health,Northern Virginia,Women's Health,Unknown,Q2 2023,801,Medicare,mock_source_v2,provider_volume_2019_2023.csv
VCU,VCU Health System,Richmond,emergency services,Virginia Demo Market,2023-Q3,1793,Medicare,mock_source_v2,provider_volume_2019_2023.csv
UVA Health,UVA Health,Charlottesville,Women's Health,Virginia Demo Market,Q3-2020,728,All Payer,mock_source_v2,provider_volume_2019_2023.csv
Carilion Clinic,Carilion Clinic,Roanoke,behavioral health,Virginia Demo Market,Apr-Jun 2020,168,All Payer,mock_source_v2,vol_export_final.csv
Novant,Novant Health,Northern Virginia,Emergency,Virginia Demo Market,Oct-Dec 2019,926,Unknown,mock_source_v2,vol_export_FINAL_v2.csv
Carilion Health,Carilion Clinic,Roanoke,EMERGENCY,Virginia Demo Market,Q3-2023,1150,All Payer,mock_source_v2,vol_export_final.csv
Sentara,Sentara Healthcare,Hampton Roads,Oncology Services,Virginia Demo Market,Q3-2022,TBD,All Payer,mock_source_v2,vol_export_final.csv
VCU,VCU Health System,Richmond,Psychiatry,Virginia Demo Market,Q2/2020,438,,mock_source_v2,vol_export_FINAL_v2.csv
Luminis Hlth,Luminis Health,Maryland,MSK,Virginia Demo Market,2019-Q2,663,,mock_source_v2,provider_volume_2019_2023.csv
UVA Healthcare,UVA Health,Charlottesville,Oncology Services,Virginia Demo Market,Q4-2019,1189,Medicare,mock_source_v2,vol_export_final.csv
INOVA LOUDOUN,Inova Health System,Northern Virginia,neuro services,Virginia Demo Market,Jan-Mar 2022,329,All Payer,mock_source_v2,vol_export_FINAL_v2.csv
HCA Healthcare VA,HCA Healthcare,Richmond,oncology,Virginia Demo Market,Q1-2022,513,All Payer,mock_source_v2,vol_export_final.csv
INOVA Loudoun,Inova Health System,Northern Virginia,Ob-Gyn,Virginia Demo Market,Q1 2022,820,All Payer,mock_source_v2,provider_volume_2019_2023.csv
UVA Healthcare,UVA Health,Charlottesville,Oncology,Virginia Demo Market,Q2 2019,"1,166",All Payer,mock_source_v2,provider_volume_2019_2023.csv
Luminis Health,Luminis Health,Maryland,cardiology,Virginia Demo Market,Q2/2021,634,All Payer,mock_source_v2,provider_volume_2019_2023.csv
bon secours,Bon Secours Mercy Health,Richmond,Gastro,Virginia Demo Market,Jan-Mar 2019,440,Commercial,mock_source_v2,vol_export_FINAL_v2.csv
Inova Loudoun,Inova Health System,Northern Virginia,Cardiology,Virginia Demo Market,Apr-Jun 2023,652,All Payer,mock_source_v2,vol_export_final.csv
NOVANT HEALTH,Novant Health,Northern Virginia,neurology,Virginia Demo Market,2021-Q4,380,Commercial,mock_source_v2,provider_volume_2019_2023.csv
LUMINIS HEALTH,Luminis Health,Maryland,Women's Health,Virginia Demo Market,Q2-2022,,All Payer,mock_source_v2,vol_export_final.csv
Carilion Clinic,Carilion Clinic,Roanoke,ONCOLOGY,Virginia Demo Market,Oct-Dec 2020,,All Payer,mock_source_v2,vol_export_FINAL_v2.csv
HCA Virginia,HCA Healthcare,Richmond,GASTROENTEROLOGY,Virginia Demo Market,Oct-Dec 2021,571,Unknown,mock_source_v2,provider_volume_2019_2023.csv
UVA Health,UVA Health,Charlottesville,OB/GYN,Virginia Demo Market,Q3/2022,978,,mock_source_v2,vol_export_FINAL_v2.csv
Luminis Health,Luminis Health,Maryland,women's health,Virginia Demo Market,Q1/2020,675,Unknown,mock_source_v2,vol_export_final.csv
Privia Hlth,Privia Health Group,Northern Virginia,card.,Virginia Demo Market,2020 Q3,328,,mock_source_v2,vol_export_FINAL_v2.csv
BON SECOURS,Bon Secours Mercy Health,Richmond,oncology,Virginia Demo Market,Oct-Dec 2019,387,Medicare,mock_source_v2,vol_export_FINAL_v2.csv
HCA,,Richmond,ONCOLOGY,Virginia Demo Market,2021 Q1,486,All Payer,mock_source_v2,vol_export_final.csv
Luminis Hlth,Luminis Health,Maryland,Cardiology,Virginia Demo Market,Oct-Dec 2021,727,Medicare,mock_source_v2,vol_export_final.csv
Inova Loudoun Hospital,Inova Health System,Northern Virginia,women's health,Virginia Demo Market,Q1-2021,784,All Payer,mock_source_v2,vol_export_FINAL_v2.csv
UNIVERSITY OF VIRGINIA HEALTH,UVA Health,Charlottesville,neurology,National,2022-Q3,979,All Payer,mock_source_v2,provider_volume_2019_2023.csv
HCA Healthcare VA,HCA Healthcare,Richmond,EMERGENCY,Virginia Demo Market,Q3/2022,2230,Commercial,mock_source_v2,vol_export_FINAL_v2.csv
Novant Health,Novant Health,Northern Virginia,oncology,Virginia Demo Market,Q3 2020,250,All Payer,mock_source_v2,vol_export_final.csv
Virginia Commonwealth,VCU Health System,Richmond,cardiology,Unknown,Q1-2019,1200,All Payer,mock_source_v2,vol_export_FINAL_v2.csv
LUMINIS HEALTH,Luminis Health,Maryland,NEUROLOGY,Virginia Demo Market,2020 Q2,153,All Payer,mock_source_v2,vol_export_FINAL_v2.csv
Luminis Health,Luminis Health,Maryland,ED,Virginia Demo Market,Jul-Sep 2023,919,Medicare,mock_source_v2,vol_export_final.csv
NOVANT HEALTH,Novant Health,Northern Virginia,Neurology,Virginia Demo Market,2019 Q3,339,All Payer,mock_source_v2,provider_volume_2019_2023.csv
InOva,Inova Health System,Northern Virginia,gastro,Virginia Demo Market,Q4-2020,780,All Payer,mock_source_v2,provider_volume_2019_2023.csv
HCA VIRGINIA,HCA Healthcare,Richmond,Heart Services,Virginia Demo Market,2020 Q1,1106,Medicaid,mock_source_v2,vol_export_FINAL_v2.csv
CARILION CLINIC,Carilion Clinic,Roanoke,Orthopedic,Virginia Demo Market,2023-Q4,664,Unknown,mock_source_v2,vol_export_FINAL_v2.csv
INOVA LOUDOUN,Inova Health System,Northern Virginia,gastro,Virginia Demo Market,Q1/2021,242,Unknown,mock_source_v2,vol_export_final.csv
inova,Inova Health System,Northern Virginia,GI,Virginia Demo Market,Jan-Mar 2023,918,All Payer,mock_source_v2,provider_volume_2019_2023.csv
MedStar,MedStar Health,DC Metro,gastro,Virginia Demo Market,Q1/2020,531,All Payer,mock_source_v2,vol_export_FINAL_v2.csv
SENTARA,Sentara Healthcare,Hampton Roads,Psychiatry,Virginia Demo Market,2022 Q3,452,All Payer,mock_source_v2,provider_volume_2019_2023.csv
luminis health,Luminis Health,Maryland,Neurological Svcs,Virginia Demo Market,Q4/2023,397,All Payer,mock_source_v2,vol_export_final.csv
uva health,UVA Health,Charlottesville,ONC,Virginia Demo Market,2021-Q2,"1,238",All Payer,mock_source_v2,vol_export_FINAL_v2.csv
SENTARA HEALTH,Sentara Healthcare,Hampton Roads,orthopaedics,Virginia Demo Market,Apr-Jun 2022,"1,681",Commercial,mock_source_v2,provider_volume_2019_2023.csv
INOVA LOUDOUN,Inova Health System,Northern Virginia,Gastroenterology,Virginia Demo Market,2019-Q4,248,Medicaid,mock_source_v2,vol_export_FINAL_v2.csv
HCA Virginia,HCA Healthcare,Richmond,Heart Services,Virginia Demo Market,Q3-2019,996,,mock_source_v2,vol_export_FINAL_v2.csv
INOVA LOUDOUN,Inova Health System,Northern Virginia,gi services,TBD,Q4-2021,252,All Payer,mock_source_v2,vol_export_final.csv
LUMINIS HEALTH,,Maryland,women's health,Virginia Demo Market,Q4-2023,754,Medicare,mock_source_v2,vol_export_FINAL_v2.csv
bon secours,Bon Secours Mercy Health,Richmond,Emerg Svcs,Virginia Demo Market,Q1 2020,1451,Medicare,mock_source_v2,vol_export_FINAL_v2.csv
Loudoun Hospital,Inova Health System,Northern Virginia,gi services,Virginia Demo Market,Q4/2020,224,Medicare,mock_source_v2,vol_export_FINAL_v2.csv
UVA Health,UVA Health,Charlottesville,cardiac services,Virginia Demo Market,Q1 2020,971,All Payer,mock_source_v2,provider_volume_2019_2023.csv
Novant Health,,Northern Virginia,Cardiology,Virginia Demo Market,2021-Q3,716,Medicare,mock_source_v2,provider_volume_2019_2023.csv
Luminis Hlth,Luminis Health,Maryland,Neurological Svcs,Virginia Demo Market,Q3/2023,355,All Payer,mock_source_v2,vol_export_FINAL_v2.csv
InOva,Inova Health System,Northern Virginia,Neurology,Virginia Demo Market,Q1 2021,1132,Medicare,mock_source_v2,provider_volume_2019_2023.csv
MedStar,MedStar Health,DC Metro,BEHAVIORAL HEALTH,Virginia Demo Market,Q1/2023,592,,mock_source_v2,vol_export_FINAL_v2.csv
Virginia Commonwealth,VCU Health System,Richmond,cancer,Virginia Demo Market,2023-Q1,3524,Medicaid,mock_source_v2,vol_export_FINAL_v2.csv
LUMINIS,Luminis Health,Maryland,BH,Virginia Demo Market,Q1 2019,195,Unknown,mock_source_v2,provider_volume_2019_2023.csv
UNIVERSITY OF VIRGINIA HEALTH,UVA Health,Charlottesville,emergency services,Virginia Demo Market,2022 Q2,1285,All Payer,mock_source_v2,provider_volume_2019_2023.csv
LUMINIS,Luminis Health,Maryland,ORTHO,Virginia Demo Market,2022 Q3,680,Medicaid,mock_source_v2,vol_export_final.csv
Privia Hlth,Privia Health Group,Northern Virginia,ORTHO,Virginia Demo Market,Q2-2020,194,Medicare,mock_source_v2,provider_volume_2019_2023.csv
Bon Secours,Bon Secours Mercy Health,Richmond,gi services,Virginia Demo Market,Q4/2022,467,Medicare,mock_source_v2,vol_export_final.csv
INOVA LOUDOUN,Inova Health System,Northern Virginia,Orthopedics,Virginia Demo Market,2022-Q3,,Medicare,mock_source_v2,vol_export_final.csv
UVA Health,UVA Health,Charlottesville,Gastro,Virginia Demo Market,Q3-2020,,Medicare,mock_source_v2,vol_export_final.csv
Privia Health,Privia Health Group,Northern Virginia,cardiac services,Virginia Demo Market,Q1-2023,587,Medicare,mock_source_v2,provider_volume_2019_2023.csv
HCA,HCA Healthcare,Richmond,G.I.,Virginia Demo Market,Q3 2023,595,Medicare,mock_source_v2,provider_volume_2019_2023.csv
carilion clinic,Carilion Clinic,Roanoke,neurology,Virginia Demo Market,2019-Q3,708,All Payer,mock_source_v2,provider_volume_2019_2023.csv
Bon Secours,Bon Secours Mercy Health,Richmond,E.D.,Virginia Demo Market,Q1/2023,1641,Medicaid,mock_source_v2,vol_export_FINAL_v2.csv
PRIVIA HEALTH GROUP,Privia Health Group,Northern Virginia,Musculoskeletal,Virginia Demo Market,2019-Q2,376,Medicare,mock_source_v2,vol_export_FINAL_v2.csv
HCA VIRGINIA,,Richmond,ortho,Virginia Demo Market,Q2/2023,1542,All Payer,mock_source_v2,provider_volume_2019_2023.csv
NOVANT HEALTH,Novant Health,Northern Virginia,neurology,Virginia Demo Market,Q4-2020,322,All Payer,mock_source_v2,vol_export_final.csv
PRIVIA HEALTH GROUP,Privia Health Group,Northern Virginia,G.I.,Virginia Demo Market,Q3 2023,364,All Payer,mock_source_v2,vol_export_final.csv
Carilion Clinic,Carilion Clinic,Roanoke,NEURO,,Q3-2020,560,,mock_source_v2,vol_export_final.csv
Inova,Inova Health System,Northern Virginia,cancer,Virginia Demo Market,Q4-2022,1489,Commercial,mock_source_v2,vol_export_final.csv
MedStar Health,MedStar Health,DC Metro,Cardiac,Virginia Demo Market,Apr-Jun 2023,1453,Medicaid,mock_source_v2,vol_export_final.csv
MEDSTAR,MedStar Health,DC Metro,Gastro,Virginia Demo Market,Q4/2020,541,Medicaid,mock_source_v2,provider_volume_2019_2023.csv
VCU Medical Center,VCU Health System,Richmond,Oncology,Virginia Demo Market,2022 Q1,3300,All Payer,mock_source_v2,vol_export_final.csv
UVA,UVA Health,Charlottesville,Emergency,Virginia Demo Market,2020 Q2,582,Medicare,mock_source_v2,vol_export_FINAL_v2.csv
MEDSTAR,MedStar Health,DC Metro,behav hlth,Virginia Demo Market,Apr-Jun 2021,551,Medicaid,mock_source_v2,vol_export_FINAL_v2.csv
Inova Loudoun Hospital,,Northern Virginia,Cancer Services,Virginia Demo Market,Q1/2021,296,,mock_source_v2,vol_export_final.csv
carilion clinic,,Roanoke,emergency services,Virginia Demo Market,Jul-Sep 2020,851,All Payer,mock_source_v2,vol_export_final.csv
HCA VIRGINIA,,Richmond,emergency services,Virginia Demo Market,2019-Q2,1924,,mock_source_v2,vol_export_FINAL_v2.csv
LUMINIS HEALTH,Luminis Health,Maryland,Ob-Gyn,Virginia Demo Market,2022 Q4,714,Commercial,mock_source_v2,provider_volume_2019_2023.csv
VCU Medical Center,,Richmond,Psych,Virginia Demo Market,2019 Q1,893,,mock_source_v2,vol_export_FINAL_v2.csv
Bon Secours,Bon Secours Mercy Health,Richmond,cardiac services,Virginia Demo Market,Oct-Dec 2023,1046,Medicare,mock_source_v2,provider_volume_2019_2023.csv
HCA Healthcare VA,HCA Healthcare,Richmond,ORTHO,Virginia Demo Market,Q3/2023,1490,Medicaid,mock_source_v2,vol_export_final.csv
inova health,Inova Health System,Northern Virginia,Oncology,Virginia Demo Market,Q3 2023,1430,All Payer,mock_source_v2,provider_volume_2019_2023.csv
INOVA HEALTH SYSTEM,Inova Health System,Northern Virginia,Cardiac,Virginia Demo Market,Q1/2022,2446,Medicare,mock_source_v2,provider_volume_2019_2023.csv
CARILION CLINIC,Carilion Clinic,Roanoke,Orthopedic,Virginia Demo Market,Apr-Jun 2019,783,Medicare,mock_source_v2,vol_export_final.csv
carilion clinic,Carilion Clinic,Roanoke,EMERGENCY,Virginia Demo Market,Q4 2019,1101,All Payer,mock_source_v2,vol_export_FINAL_v2.csv
Inova Health,Inova Health System,Northern Virginia,Psych,Virginia Demo Market,2023 Q3,792,All Payer,mock_source_v2,vol_export_final.csv
Inova Fairfax,Inova Health System,Northern Virginia,neuro services,Virginia Demo Market,Jan-Mar 2022,1226,Medicare,mock_source_v2,vol_export_final.csv
U.V.A. Health,,Charlottesville,MSK,Virginia Demo Market,Q1 2023,,,mock_source_v2,vol_export_FINAL_v2.csv
Privia Health,,Northern Virginia,neuro services,Virginia Demo Market,Q4/2023,291,Medicaid,mock_source_v2,vol_export_final.csv
PRIVIA HEALTH GROUP,Privia Health Group,Northern Virginia,Heart Services,Virginia Demo Market,2021-Q3,451,Medicare,mock_source_v2,provider_volume_2019_2023.csv
VCU HEALTH,VCU Health System,Richmond,ORTHOPEDICS,Virginia Demo Market,Jul-Sep 2019,1056,,mock_source_v2,vol_export_FINAL_v2.csv
NovantHlth,Novant Health,Northern Virginia,cancer,Virginia Demo Market,Q1/2022,322.0,All Payer,mock_source_v2,vol_export_final.csv
NovantHlth,,Northern Virginia,MSK,Virginia Demo Market,Q2/2022,975,Medicare,mock_source_v2,vol_export_final.csv
Bon Secours Mercy,Bon Secours Mercy Health,Richmond,CARD,Virginia Demo Market,Q3/2019,834,All Payer,mock_source_v2,provider_volume_2019_2023.csv
Inova Fairfax,Inova Health System,Northern Virginia,GI,Virginia Demo Market,Q4-2021,942,Unknown,mock_source_v2,provider_volume_2019_2023.csv
LUMINIS,Luminis Health,Maryland,Emerg Svcs,Virginia Demo Market,Q4/2022,963.0,All Payer,mock_source_v2,provider_volume_2019_2023.csv
hca hlth va,HCA Healthcare,Richmond,Orthopedics,Virginia Demo Market,2021 Q4,1220.0,All Payer,mock_source_v2,vol_export_FINAL_v2.csv
LUMINIS HEALTH,Luminis Health,Maryland,GI Services,Virginia Demo Market,2021-Q1,298,All Payer,mock_source_v2,provider_volume_2019_2023.csv
vcu health,VCU Health System,Richmond,Oncology Services,Virginia Demo Market,Q4/2021,3245,All Payer,mock_source_v2,provider_volume_2019_2023.csv
NOVANT,Novant Health,Northern Virginia,BEHAVIORAL HEALTH,Virginia Demo Market,2022 Q1,229,Medicaid,mock_source_v2,provider_volume_2019_2023.csv
HCA Healthcare VA,HCA Healthcare,Richmond,BH,Virginia Demo Market,2023-Q4,347,,mock_source_v2,provider_volume_2019_2023.csv
MedStar,MedStar Health,DC Metro,behav hlth,Virginia Demo Market,Oct-Dec 2020,478,Unknown,mock_source_v2,vol_export_final.csv
HCA,HCA Healthcare,Richmond,ONCOLOGY,Virginia Demo Market,2021 Q1,486,All Payer,mock_source_v2,vol_export_final.csv
INOVA Loudoun,Inova Health System,Northern Virginia,emergency services,Virginia Demo Market,2023 Q2,955,All Payer,mock_source_v2,vol_export_FINAL_v2.csv
inova loudoun,Inova Health System,Northern Virginia,Neurological Svcs,Virginia Demo Market,Q1 2020,294,All Payer,mock_source_v2,vol_export_FINAL_v2.csv
Sentara Health,,Hampton Roads,ONC,Virginia Demo Market,Q2-2023,896,Unknown,mock_source_v2,vol_export_final.csv
UVA Healthcare,UVA Health,Charlottesville,Heart Services,Virginia Demo Market,Jan-Mar 2019,976,All Payer,mock_source_v2,vol_export_FINAL_v2.csv
inova,Inova Health System,Northern Virginia,ortho,Virginia Demo Market,Q2/2021,2840,All Payer,mock_source_v2,vol_export_FINAL_v2.csv
Carilion Health,Carilion Clinic,Roanoke,NEUROLOGY,Virginia Demo Market,2022 Q3,706,Medicaid,mock_source_v2,provider_volume_2019_2023.csv
HCA Virginia,HCA Healthcare,Richmond,women's health,Virginia Demo Market,Q1 2019,947,Medicaid,mock_source_v2,vol_export_final.csv
INOVA LOUDOUN,Inova Health System,Northern Virginia,gi services,Virginia Demo Market,2022-Q3,264,Commercial,mock_source_v2,vol_export_final.csv
UVA Healthcare,UVA Health,Charlottesville,card.,Virginia Demo Market,Q2-2019,885.0,Medicare,mock_source_v2,provider_volume_2019_2023.csv
privia health,Privia Health Group,Northern Virginia,WOMENS HEALTH,Virginia Demo Market,Jan-Mar 2023,622,All Payer,mock_source_v2,vol_export_FINAL_v2.csv
,,,,,,,,,
PRIVIA HEALTH GROUP,Privia Health Group,Northern Virginia,ED,Virginia Demo Market,Oct-Dec 2019,109,All Payer,mock_source_v2,vol_export_FINAL_v2.csv
Privia Health,Privia Health Group,Northern Virginia,women's health,Virginia Demo Market,2019 Q1,483,Medicare,mock_source_v2,vol_export_final.csv
NovantHlth,Novant Health,Northern Virginia,CARD,Virginia Demo Market,Jan-Mar 2022,802,Commercial,mock_source_v2,vol_export_FINAL_v2.csv
Inova Loudoun,Inova Health System,Northern Virginia,neuro services,Virginia Demo Market,Q2/2020,131,All Payer,mock_source_v2,provider_volume_2019_2023.csv
Bon Secours Mercy,Bon Secours Mercy Health,Richmond,OB/GYN,Virginia Demo Market,Q4/2023,1299,All Payer,mock_source_v2,provider_volume_2019_2023.csv
Novant,Novant Health,Northern Virginia,GI Services,Virginia Demo Market,2021-Q2,328,All Payer,mock_source_v2,vol_export_FINAL_v2.csv
Carilion,Carilion Clinic,Roanoke,Musculoskeletal,Virginia Demo Market,2020 Q2,343,All Payer,mock_source_v2,vol_export_FINAL_v2.csv
Sentara,,Hampton Roads,neuro services,Virginia Demo Market,Q1/2019,780,Commercial,mock_source_v2,vol_export_FINAL_v2.csv
INOVA,Inova Health System,Northern Virginia,Womens Health,Virginia Demo Market,Oct-Dec 2020,"1,619",Medicare,mock_source_v2,vol_export_FINAL_v2.csv
luminis health,Luminis Health,Maryland,Behavioral Health,Virginia Demo Market,2020-Q1,201,Unknown,mock_source_v2,provider_volume_2019_2023.csv
Inova Loudoun,Inova Health System,Northern Virginia,BH,Virginia Demo Market,2021-Q4,177,All Payer,mock_source_v2,provider_volume_2019_2023.csv
Bon Secours Mercy,Bon Secours Mercy Health,Richmond,Womens Health,Virginia Demo Market,2021 Q1,1263,Medicare,mock_source_v2,vol_export_final.csv
privia health,Privia Health Group,Northern Virginia,Neurological Svcs,Virginia Demo Market,2021 Q3,236,All Payer,mock_source_v2,vol_export_final.csv
carilion clinic,Carilion Clinic,Roanoke,Behavioral Health,Virginia Demo Market,2023 Q4,416,Unknown,mock_source_v2,provider_volume_2019_2023.csv
hca virginia,HCA Healthcare,Richmond,Neuro,Virginia Demo Market,2022-Q3,534,Unknown,mock_source_v2,vol_export_FINAL_v2.csv
BSMH,Bon Secours Mercy Health,Richmond,Heart Services,Virginia Demo Market,2021-Q3,861,Medicare,mock_source_v2,vol_export_FINAL_v2.csv
UVA Healthcare,UVA Health,Charlottesville,ORTHOPEDICS,Virginia Demo Market,2020 Q3,756,Medicare,mock_source_v2,vol_export_FINAL_v2.csv
Bon Secours Mercy,Bon Secours Mercy Health,Richmond,behav hlth,Virginia Demo Market,2019-Q4,198.0,Medicare,mock_source_v2,vol_export_final.csv
UVA Healthcare,UVA Health,Charlottesville,oncology,Virginia Demo Market,2023 Q4,1363 cases,All Payer,mock_source_v2,provider_volume_2019_2023.csv
Privia Health,Privia Health Group,Northern Virginia,Cardiology,Virginia Demo Market,Q3-2023,510,Unknown,mock_source_v2,vol_export_FINAL_v2.csv
SENTARA HEALTH,Sentara Healthcare,Hampton Roads,Heart Services,Virginia Demo Market,2020-Q3,1082,All Payer,mock_source_v2,vol_export_final.csv
Virginia Commonwealth,VCU Health System,Richmond,ORTHO,Virginia Demo Market,Q2-2019,1052,Unknown,mock_source_v2,provider_volume_2019_2023.csv
uva health,UVA Health,Charlottesville,cardiac services,Virginia Demo Market,Q3 2021,935,All Payer,mock_source_v2,provider_volume_2019_2023.csv
inova health,Inova Health System,Northern Virginia,Oncology,Virginia Demo Market,Apr-Jun 2021,1480,All Payer,mock_source_v2,provider_volume_2019_2023.csv
Privia Hlth,Privia Health Group,Northern Virginia,BEHAVIORAL HEALTH,Virginia Demo Market,2019 Q1,306,Medicaid,mock_source_v2,vol_export_final.csv
Inova Loudoun,Inova Health System,Northern Virginia,ED,Virginia Demo Market,2019 Q4,956,Commercial,mock_source_v2,vol_export_final.csv
UNIVERSITY OF VIRGINIA HEALTH,,Charlottesville,WOMENS HEALTH,Virginia Demo Market,Oct-Dec 2023,910,All Payer,mock_source_v2,provider_volume_2019_2023.csv
BSMH,Bon Secours Mercy Health,Richmond,BEHAVIORAL HEALTH,Virginia Demo Market,Q2/2020,ERROR,Commercial,mock_source_v2,vol_export_FINAL_v2.csv
PRIVIA HEALTH GROUP,Privia Health Group,Northern Virginia,Neurology,Virginia Demo Market,Q1 2019,200,Medicare,mock_source_v2,provider_volume_2019_2023.csv
NOVANT,Novant Health,Northern Virginia,WOMENS HEALTH,Virginia Demo Market,Apr-Jun 2021,732,All Payer,mock_source_v2,provider_volume_2019_2023.csv
BSMH,Bon Secours Mercy Health,Richmond,Emerg Svcs,Virginia Demo Market,2019-Q4,1521,Medicaid,mock_source_v2,vol_export_final.csv
luminis health,Luminis Health,Maryland,G.I.,Virginia Demo Market,2021 Q2,318,Medicare,mock_source_v2,provider_volume_2019_2023.csv
Carilion Clinic,Carilion Clinic,Roanoke,ortho,Virginia Demo Market,Q1/2020,583,All Payer,mock_source_v2,vol_export_final.csv
INOVA,Inova Health System,Northern Virginia,women's health,,2020 Q1,1838,Unknown,mock_source_v2,provider_volume_2019_2023.csv
Privia,Privia Health Group,Northern Virginia,gi services,Virginia Demo Market,2020-Q1,245,All Payer,mock_source_v2,vol_export_final.csv
INOVA,Inova Health System,Northern Virginia,BH,Virginia Demo Market,2019-Q1,596,All Payer,mock_source_v2,vol_export_FINAL_v2.csv
Privia,Privia Health Group,Northern Virginia,Orthopedics,Virginia Demo Market,Q2-2022,462,Medicare,mock_source_v2,vol_export_final.csv
vcu,VCU Health System,Richmond,Womens Health,Virginia Demo Market,2021 Q3,883,Medicare,mock_source_v2,vol_export_final.csv
SENTARA,Sentara Healthcare,Hampton Roads,behav hlth,Virginia Demo Market,Q1-2023,479 cases,All Payer,mock_source_v2,vol_export_FINAL_v2.csv
MedStar Health,MedStar Health,DC Metro,Psychiatry,Virginia Demo Market,Q4/2021,577,All Payer,mock_source_v2,vol_export_FINAL_v2.csv
MedStar,MedStar Health,DC Metro,womens hlth,Virginia Demo Market,Q4-2023,1169,,mock_source_v2,vol_export_final.csv
Carilion Clinic,Carilion Clinic,Roanoke,Oncology,Virginia Demo Market,Q2/2021,0,All Payer,mock_source_v2,vol_export_FINAL_v2.csv
MEDSTAR HEALTH,MedStar Health,DC Metro,EMERGENCY,Virginia Demo Market,Jan-Mar 2020,1931,All Payer,mock_source_v2,vol_export_final.csv
LUMINIS HEALTH,Luminis Health,Maryland,Neurological Svcs,Virginia Demo Market,2023 Q1,378,Unknown,mock_source_v2,provider_volume_2019_2023.csv
Bon Secours,Bon Secours Mercy Health,Richmond,ED,Virginia Demo Market,Q4-2022,1493,Commercial,mock_source_v2,vol_export_final.csv
HCA Healthcare VA,HCA Healthcare,Richmond,Psych,Virginia Demo Market,Q4/2019,,All Payer,mock_source_v2,vol_export_final.csv
sentara hlth,,Hampton Roads,ORTHO,Virginia Demo Market,2021 Q3,1612,All Payer,mock_source_v2,vol_export_final.csv
carilion clinic,Carilion Clinic,Roanoke,E.D.,Virginia Demo Market,2022-Q4,1221,Commercial,mock_source_v2,vol_export_FINAL_v2.csv
NOVANT,Novant Health,Northern Virginia,WOMENS HEALTH,Virginia Demo Market,Q3 2022,770,,mock_source_v2,vol_export_final.csv
SENTARA HEALTH,Sentara Healthcare,Hampton Roads,Women's Health,Virginia Demo Market,Q1/2021,1600,,mock_source_v2,provider_volume_2019_2023.csv
MEDSTAR HEALTH,MedStar Health,DC Metro,Neurology,Virginia Demo Market,2020-Q3,648,Medicare,mock_source_v2,vol_export_FINAL_v2.csv
LUMINIS,Luminis Health,Maryland,BEHAVIORAL HEALTH,Virginia Demo Market,2023 Q2,231,Medicare,mock_source_v2,provider_volume_2019_2023.csv
INOVA Loudoun,Inova Health System,Northern Virginia,card.,Virginia Demo Market,Q1/2023,700,Commercial,mock_source_v2,provider_volume_2019_2023.csv
LUMINIS,,Maryland,ORTHO,Virginia Demo Market,Q2-2020,299,Medicaid,mock_source_v2,vol_export_final.csv
Inova Loudoun,,Northern Virginia,Oncology,Virginia Demo Market,2020 Q2,134,All Payer,mock_source_v2,vol_export_final.csv
LUMINIS,Luminis Health,Maryland,Women's Health,Virginia Demo Market,2023 Q2,771,,mock_source_v2,vol_export_final.csv
LUMINIS HEALTH,Luminis Health,Maryland,Neurological Svcs,Virginia Demo Market,Jul-Sep 2019,335,All Payer,mock_source_v2,vol_export_final.csv
UVA Healthcare,UVA Health,Charlottesville,card.,Virginia Demo Market,Jul-Sep 2019,905,All Payer,mock_source_v2,vol_export_final.csv
sentara hlth,Sentara Healthcare,Hampton Roads,OB/GYN,Virginia Demo Market,Q2-2022,1744,Medicare,mock_source_v2,vol_export_FINAL_v2.csv
INOVA Loudoun,,Northern Virginia,ORTHOPEDICS,Virginia Demo Market,Q1-2019,641,All Payer,mock_source_v2,vol_export_FINAL_v2.csv
SENTARA HEALTH,Sentara Healthcare,Hampton Roads,CARD,Virginia Demo Market,2023-Q4,1970,All Payer,mock_source_v2,vol_export_final.csv
Luminis Health,Luminis Health,Maryland,Oncology Services,Virginia Demo Market,Q1-2022,409,Medicaid,mock_source_v2,vol_export_FINAL_v2.csv
NovantHlth,Novant Health,Northern Virginia,neurology,Virginia Demo Market,Q2-2022,364,All Payer,mock_source_v2,vol_export_FINAL_v2.csv
luminis health,Luminis Health,Maryland,BH,Virginia Demo Market,2021-Q1,209,Medicare,mock_source_v2,vol_export_final.csv
Bon Secours Mercy,Bon Secours Mercy Health,Richmond,Cardiac,Virginia Demo Market,Q4/2021,971,Medicare,mock_source_v2,provider_volume_2019_2023.csv
inova,Inova Health System,Northern Virginia,GASTROENTEROLOGY,Virginia Demo Market,Q1 2020,794,All Payer,mock_source_v2,vol_export_final.csv
Bon Secours Health,Bon Secours Mercy Health,Richmond,cardiology,Virginia Demo Market,Oct-Dec 2022,1012,All Payer,mock_source_v2,vol_export_final.csv
Bon Secours Mercy,Bon Secours Mercy Health,Richmond,ONC,Virginia Demo Market,Q4 2021,413,All Payer,mock_source_v2,vol_export_final.csv
Privia Hlth,Privia Health Group,Northern Virginia,onc.,Virginia Demo Market,Jan-Mar 2020,148,Unknown,mock_source_v2,vol_export_FINAL_v2.csv
carilion clinic,Carilion Clinic,Roanoke,ortho,Virginia Demo Market,2019 Q3,733,Medicare,mock_source_v2,vol_export_final.csv
hca virginia,HCA Healthcare,Richmond,gastro,Virginia Demo Market,Q4-2020,498,,mock_source_v2,provider_volume_2019_2023.csv
vcu health,VCU Health System,Richmond,NEUROLOGY,Virginia Demo Market,Q4 2022,1657,Medicare,mock_source_v2,vol_export_final.csv
SENTARA,Sentara Healthcare,Hampton Roads,Cardiac,Virginia Demo Market,2023 Q3,1725,,mock_source_v2,vol_export_FINAL_v2.csv
bon secours,Bon Secours Mercy Health,Richmond,Cancer Services,Virginia Demo Market,Q1 2020,370,All Payer,mock_source_v2,vol_export_FINAL_v2.csv
Med Star,,DC Metro,cardiology,Virginia Demo Market,Apr-Jun 2021,1274,Unknown,mock_source_v2,vol_export_FINAL_v2.csv
Med Star,MedStar Health,DC Metro,oncology,Virginia Demo Market,2022 Q1,973,All Payer,mock_source_v2,vol_export_final.csv
,,,,,,,,,
V.C.U. Health,,Richmond,Emergency,Virginia Demo Market,2023 Q1,1955,All Payer,mock_source_v2,provider_volume_2019_2023.csv
SENTARA,,Hampton Roads,Emergency Services,Virginia Demo Market,Q3-2019,2124,All Payer,mock_source_v2,vol_export_final.csv
UNIVERSITY OF VIRGINIA HEALTH,UVA Health,Charlottesville,Orthopedic,Virginia Demo Market,Q3-2019,947,Unknown,mock_source_v2,vol_export_FINAL_v2.csv
VCU,VCU Health System,Richmond,EMERGENCY,Virginia Demo Market,Q1/2019,1774,All Payer,mock_source_v2,provider_volume_2019_2023.csv
UNIVERSITY OF VIRGINIA HEALTH,UVA Health,Charlottesville,Emerg Svcs,,Q1/2020,1338,All Payer,mock_source_v2,vol_export_FINAL_v2.csv
medstar health,MedStar Health,DC Metro,ORTHOPEDICS,Virginia Demo Market,Q4 2023,1123,,mock_source_v2,vol_export_FINAL_v2.csv
MedStar,,DC Metro,neurology,Virginia Demo Market,Q2/2020,377,Medicare,mock_source_v2,provider_volume_2019_2023.csv
HCA VIRGINIA,HCA Healthcare,Richmond,ED,Virginia Demo Market,2020-Q2,,Unknown,mock_source_v2,vol_export_final.csv
Bon Secours Health,Bon Secours Mercy Health,Richmond,ER Services,Virginia Demo Market,Q3 2022,"1,476",All Payer,mock_source_v2,provider_volume_2019_2023.csv
Inova Loudoun,Inova Health System,Northern Virginia,BEHAVIORAL HEALTH,Virginia Demo Market,Q1 2023,188,Medicaid,mock_source_v2,vol_export_FINAL_v2.csv
Sentara Health,Sentara Healthcare,Hampton Roads,GI Services,Virginia Demo Market,Q2 2019,733,Commercial,mock_source_v2,vol_export_final.csv
Med Star,MedStar Health,DC Metro,cancer,Virginia Demo Market,2020 Q4,828,Medicare,mock_source_v2,provider_volume_2019_2023.csv
Bon Secours,Bon Secours Mercy Health,Richmond,ortho,Virginia Demo Market,Q2-2021,1246,Medicare,mock_source_v2,vol_export_FINAL_v2.csv
PRIVIA,Privia Health Group,Northern Virginia,NEURO,Virginia Demo Market,Q2 2020,98,All Payer,mock_source_v2,vol_export_final.csv
hca hlth va,HCA Healthcare,Richmond,behavioral health,Virginia Demo Market,Jan-Mar 2019,305,Medicare,mock_source_v2,provider_volume_2019_2023.csv
Inova Loudoun Hospital,Inova Health System,Northern Virginia,NEUROLOGY,Virginia Demo Market,2019 Q1,305,,mock_source_v2,vol_export_FINAL_v2.csv
Virginia Commonwealth,VCU Health System,Richmond,neuro services,Virginia Demo Market,Apr-Jun 2019,1355,Commercial,mock_source_v2,vol_export_final.csv
bon secours,Bon Secours Mercy Health,Richmond,Emergency Services,,Q4 2021,1523,Medicare,mock_source_v2,vol_export_final.csv
VCU HEALTH,VCU Health System,Richmond,neurology,Virginia Demo Market,Q1 2020,1406,Unknown,mock_source_v2,vol_export_final.csv
Privia Hlth,Privia Health Group,Northern Virginia,Mental Health,Virginia Demo Market,Q4/2023,463,Medicare,mock_source_v2,provider_volume_2019_2023.csv
VCU HEALTH,VCU Health System,Richmond,neurology,Virginia Demo Market,Jul-Sep 2020,1182,Medicare,mock_source_v2,provider_volume_2019_2023.csv
Luminis Health,Luminis Health,Maryland,cardiac services,Virginia Demo Market,Apr-Jun 2020,272,All Payer,mock_source_v2,provider_volume_2019_2023.csv
Sentara Healthcare,Sentara Healthcare,Hampton Roads,emergency services,Virginia Demo Market,Oct-Dec 2020,2123,All Payer,mock_source_v2,vol_export_final.csv
Inova Fairfax,Inova Health System,Northern Virginia,neurology,Virginia Demo Market,2020-Q1,1080,Medicaid,mock_source_v2,vol_export_FINAL_v2.csv
SENTARA HEALTH,,Hampton Roads,Cardiac,Virginia Demo Market,Q1 2021,1655,All Payer,mock_source_v2,vol_export_FINAL_v2.csv
Privia Hlth,Privia Health Group,Northern Virginia,Neurological Svcs,Virginia Demo Market,Q1/2021,240,All Payer,mock_source_v2,vol_export_FINAL_v2.csv
inova loudoun,Inova Health System,Northern Virginia,Emerg Svcs,Virginia Demo Market,Q2-2019,847,Unknown,mock_source_v2,provider_volume_2019_2023.csv
MedStar,MedStar Health,DC Metro,emergency services,Virginia Demo Market,Oct-Dec 2023,2170,,mock_source_v2,vol_export_FINAL_v2.csv
CARILION CLINIC,,Roanoke,BH,Virginia Demo Market,Q4-2020,316,Medicare,mock_source_v2,vol_export_final.csv
SENTARA HEALTH,Sentara Healthcare,Hampton Roads,GASTROENTEROLOGY,Virginia Demo Market,2022 Q3,772,Unknown,mock_source_v2,vol_export_FINAL_v2.csv
UVA Health,UVA Health,Charlottesville,onc.,Virginia Demo Market,Jul-Sep 2023,1316,All Payer,mock_source_v2,vol_export_FINAL_v2.csv
VCU Health,VCU Health System,Richmond,Womens Health,Virginia Demo Market,Q4 2021,864,Medicaid,mock_source_v2,vol_export_final.csv
LUMINIS HEALTH,,Maryland,Orthopedic,Virginia Demo Market,Q3/2019,647,Medicaid,mock_source_v2,vol_export_FINAL_v2.csv
HCA Healthcare VA,HCA Healthcare,Richmond,Emergency,Virginia Demo Market,Q4/2020,1968,,mock_source_v2,provider_volume_2019_2023.csv
sentara,Sentara Healthcare,Hampton Roads,EMERGENCY,Virginia Demo Market,2020 Q2,962,,mock_source_v2,vol_export_FINAL_v2.csv
Inova Loudoun Hospital,Inova Health System,Northern Virginia,ORTHO,Virginia Demo Market,Q2/2023,821,Commercial,mock_source_v2,provider_volume_2019_2023.csv
Inova Loudoun Hospital,Inova Health System,Northern Virginia,Gastro,Virginia Demo Market,Q1-2019,245.0,All Payer,mock_source_v2,vol_export_final.csv
hca virginia,HCA Healthcare,Richmond,GASTROENTEROLOGY,Virginia Demo Market,Q1-2020,489,,mock_source_v2,vol_export_FINAL_v2.csv
Bon Secours Mercy,Bon Secours Mercy Health,Richmond,Psychiatry,Virginia Demo Market,2021-Q1,210,Unknown,mock_source_v2,vol_export_final.csv
novant health,Novant Health,Northern Virginia,Mental Health,Virginia Demo Market,2023 Q4,258,Medicaid,mock_source_v2,vol_export_final.csv
vcu health,VCU Health System,Richmond,WOMENS HEALTH,,2023 Q1,850,,mock_source_v2,vol_export_final.csv
InOva,,Northern Virginia,Cardiac,Virginia Demo Market,2020 Q1,2180,All Payer,mock_source_v2,vol_export_FINAL_v2.csv
Sentara Healthcare,Sentara Healthcare,Hampton Roads,Women's Health,Virginia Demo Market,2021-Q4,1606,Medicare,mock_source_v2,provider_volume_2019_2023.csv
MEDSTAR,,DC Metro,Neurological Svcs,Virginia Demo Market,Q2-2023,901,All Payer,mock_source_v2,vol_export_final.csv
HCA,,Richmond,Emergency Services,Virginia Demo Market,Q3/2023,2310.0,Medicare,mock_source_v2,vol_export_final.csv
VCU HEALTH,VCU Health System,Richmond,orthopaedics,Virginia Demo Market,Q3-2021,1113,All Payer,mock_source_v2,vol_export_FINAL_v2.csv
HCA Healthcare VA,HCA Healthcare,Richmond,behavioral health,Virginia Demo Market,Q3-2021,319,Medicare,mock_source_v2,provider_volume_2019_2023.csv
VCU HEALTH,VCU Health System,Richmond,ORTHO,Virginia Demo Market,Q2/2022,1072,Medicare,mock_source_v2,vol_export_final.csv
BSMH,Bon Secours Mercy Health,Richmond,onc.,Virginia Demo Market,Q4 2023,413,All Payer,mock_source_v2,provider_volume_2019_2023.csv
hca virginia,HCA Healthcare,Richmond,Behavioral Health,Virginia Demo Market,Q4/2022,359,Commercial,mock_source_v2,vol_export_final.csv
Carilion Health,Carilion Clinic,Roanoke,NEUROLOGY,Virginia Demo Market,2020-Q2,325,Unknown,mock_source_v2,provider_volume_2019_2023.csv
Luminis Hlth,Luminis Health,Maryland,NEURO,Virginia Demo Market,Jul-Sep 2020,280,Medicare,mock_source_v2,vol_export_FINAL_v2.csv
Virginia Commonwealth,VCU Health System,Richmond,ORTHO,Virginia Demo Market,Q2-2019,1052,Unknown,mock_source_v2,provider_volume_2019_2023.csv
hca hlth va,HCA Healthcare,Richmond,emergency services,Virginia Demo Market,2022-Q2,2139,All Payer,mock_source_v2,vol_export_FINAL_v2.csv
BSMH,,Richmond,Womens Health,,2020 Q2,608,Unknown,mock_source_v2,provider_volume_2019_2023.csv
Novant,Novant Health,Northern Virginia,Womens Health,Virginia Demo Market,2023-Q3,830,Commercial,mock_source_v2,vol_export_final.csv
PRIVIA,Privia Health Group,Northern Virginia,neuro services,Virginia Demo Market,Q3/2019,198,Medicaid,mock_source_v2,provider_volume_2019_2023.csv
VCU Medical Center,VCU Health System,Richmond,Heart Services,Virginia Demo Market,2021-Q1,1189,All Payer,mock_source_v2,provider_volume_2019_2023.csv
sentara,Sentara Healthcare,Hampton Roads,Gastroenterology,Virginia Demo Market,2022-Q2,missing,All Payer,mock_source_v2,vol_export_final.csv
LUMINIS,Luminis Health,Maryland,Musculoskeletal,TBD,Oct-Dec 2022,566,,mock_source_v2,vol_export_FINAL_v2.csv
HCA Healthcare VA,HCA Healthcare,Richmond,Orthopedic,Virginia Demo Market,2019-Q2,1417,Medicare,mock_source_v2,vol_export_FINAL_v2.csv
vcu,VCU Health System,Richmond,neuro services,Virginia Demo Market,Q1/2021,1603,Medicare,mock_source_v2,vol_export_final.csv
privia health,Privia Health Group,Northern Virginia,gi services,Virginia Demo Market,Oct-Dec 2020,241,Medicaid,mock_source_v2,provider_volume_2019_2023.csv
sentara,Sentara Healthcare,Hampton Roads,Musculoskeletal,Virginia Demo Market,2023-Q3,1811 cases,,mock_source_v2,vol_export_FINAL_v2.csv
hca virginia,HCA Healthcare,Richmond,ONC,Virginia Demo Market,Q2/2020,,Medicaid,mock_source_v2,vol_export_FINAL_v2.csv
LUMINIS,Luminis Health,Maryland,emergency services,Virginia Demo Market,Q4 2021,990,Medicare,mock_source_v2,vol_export_FINAL_v2.csv
VCU,VCU Health System,Richmond,GASTROENTEROLOGY,Virginia Demo Market,Jul-Sep 2023,659,Unknown,mock_source_v2,vol_export_FINAL_v2.csv
UVA Health,UVA Health,Charlottesville,womens hlth,Virginia Demo Market,2019 Q3,958,All Payer,mock_source_v2,vol_export_FINAL_v2.csv
BSMH,Bon Secours Mercy Health,Richmond,Psychiatry,Virginia Demo Market,Q3/2022,225,Medicare,mock_source_v2,vol_export_final.csv
Luminis Hlth,Luminis Health,Maryland,cardiology,Virginia Demo Market,Q1-2022,689,All Payer,mock_source_v2,vol_export_FINAL_v2.csv
SENTARA,Sentara Healthcare,Hampton Roads,Emerg Svcs,Virginia Demo Market,2023 Q1,2936,All Payer,mock_source_v2,provider_volume_2019_2023.csv
HCA Healthcare VA,HCA Healthcare,Richmond,emergency services,Virginia Demo Market,Q4-2023,2385,All Payer,mock_source_v2,provider_volume_2019_2023.csv
MedStar,MedStar Health,DC Metro,behav hlth,Virginia Demo Market,Apr-Jun 2020,245,All Payer,mock_source_v2,vol_export_FINAL_v2.csv
NOVANT,Novant Health,Northern Virginia,onc.,Virginia Demo Market,Jan-Mar 2023,325,All Payer,mock_source_v2,provider_volume_2019_2023.csv
NOVANT HEALTH,Novant Health,Northern Virginia,G.I.,Virginia Demo Market,Oct-Dec 2022,318,All Payer,mock_source_v2,provider_volume_2019_2023.csv
UVA Healthcare,UVA Health,Charlottesville,card.,Virginia Demo Market,2022-Q3,966,Medicaid,mock_source_v2,vol_export_FINAL_v2.csv
MedStar Health,MedStar Health,DC Metro,ONC,Virginia Demo Market,2023-Q1,978,All Payer,mock_source_v2,provider_volume_2019_2023.csv
uva health,UVA Health,Charlottesville,oncology,Virginia Demo Market,2022-Q3,1380,Unknown,mock_source_v2,vol_export_FINAL_v2.csv
UNIVERSITY OF VIRGINIA HEALTH,UVA Health,Charlottesville,Oncology Services,Virginia Demo Market,2021 Q4,1275,,mock_source_v2,vol_export_FINAL_v2.csv
Privia Hlth,Privia Health Group,Northern Virginia,cancer,Virginia Demo Market,Q2-2019,147,All Payer,mock_source_v2,vol_export_FINAL_v2.csv
Inova Fairfax,Inova Health System,Northern Virginia,Gastro,Virginia Demo Market,Q2 2023,1035,All Payer,mock_source_v2,vol_export_FINAL_v2.csv
CARILION CLINIC,Carilion Clinic,Roanoke,cancer,Virginia Demo Market,Q4-2021,642,Unknown,mock_source_v2,provider_volume_2019_2023.csv
PRIVIA,Privia Health Group,Northern Virginia,Women's Health,Virginia Demo Market,Oct-Dec 2020,465,Medicaid,mock_source_v2,vol_export_final.csv
BSMH,Bon Secours Mercy Health,Richmond,Orthopedics,Virginia Demo Market,Q2/2019,1248,All Payer,mock_source_v2,provider_volume_2019_2023.csv
medstar health,MedStar Health,DC Metro,E.D.,Virginia Demo Market,Jan-Mar 2021,2097,All Payer,mock_source_v2,vol_export_final.csv
SENTARA,Sentara Healthcare,Hampton Roads,Behavioral Health,Virginia Demo Market,Q4/2021,455,Medicaid,mock_source_v2,vol_export_final.csv
Privia Health,Privia Health Group,Northern Virginia,ED,Virginia Demo Market,2020-Q1,107,All Payer,mock_source_v2,provider_volume_2019_2023.csv
PRIVIA HEALTH GROUP,Privia Health Group,Northern Virginia,Heart Services,Virginia Demo Market,2023-Q4,628,Medicare,mock_source_v2,vol_export_FINAL_v2.csv
MEDSTAR,MedStar Health,DC Metro,Emergency Services,Virginia Demo Market,Q3 2022,1879,Medicare,mock_source_v2,provider_volume_2019_2023.csv
VCU Medical Center,VCU Health System,Richmond,Gastroenterology,Virginia Demo Market,2019-Q3,605,Unknown,mock_source_v2,vol_export_final.csv
Bon Secours Health,Bon Secours Mercy Health,Richmond,OB/GYN,Virginia Demo Market,2019-Q4,1250,Medicare,mock_source_v2,provider_volume_2019_2023.csv
CARILION CLINIC,Carilion Clinic,Roanoke,Emerg Svcs,Virginia Demo Market,Q4-2023,"1,192",Commercial,mock_source_v2,provider_volume_2019_2023.csv
CARILION,Carilion Clinic,Roanoke,Neurological Svcs,Virginia Demo Market,Q2-2022,745,Commercial,mock_source_v2,vol_export_FINAL_v2.csv
MedStar Health,MedStar Health,DC Metro,women's health,Virginia Demo Market,Q2-2022,1162,All Payer,mock_source_v2,vol_export_final.csv
uva health,UVA Health,Charlottesville,NEUROLOGY,Virginia Demo Market,Jan-Mar 2022,1011,Unknown,mock_source_v2,vol_export_final.csv
MEDSTAR,MedStar Health,DC Metro,Womens Health,Virginia Demo Market,2019 Q4,1090,All Payer,mock_source_v2,provider_volume_2019_2023.csv
BON SECOURS,Bon Secours Mercy Health,Richmond,BEHAVIORAL HEALTH,Virginia Demo Market,2023-Q3,232,Medicaid,mock_source_v2,vol_export_FINAL_v2.csv
Carilion Health,Carilion Clinic,Roanoke,cardiology,Virginia Demo Market,Q2/2023,787,All Payer,mock_source_v2,provider_volume_2019_2023.csv
Carilion,Carilion Clinic,Roanoke,Cardiology,Virginia Demo Market,Q4 2023,913,All Payer,mock_source_v2,vol_export_final.csv
UNIVERSITY OF VIRGINIA HEALTH,UVA Health,Charlottesville,BH,Virginia Demo Market,2021-Q1,442,All Payer,mock_source_v2,vol_export_FINAL_v2.csv
VCU Medical Center,VCU Health System,Richmond,Cancer Services,Virginia Demo Market,2020-Q2,1326,All Payer,mock_source_v2,vol_export_FINAL_v2.csv
medstar health,MedStar Health,DC Metro,E.D.,Virginia Demo Market,Apr-Jun 2022,1795,Medicare,mock_source_v2,vol_export_FINAL_v2.csv
HCA Virginia,HCA Healthcare,Richmond,Cardiology,Virginia Demo Market,Q4-2019,1184,Unknown,mock_source_v2,vol_export_FINAL_v2.csv
Bon Secours Mercy,Bon Secours Mercy Health,Richmond,Mental Health,Virginia Demo Market,Q1 2022,217,Commercial,mock_source_v2,vol_export_final.csv
Novant Health,,Northern Virginia,Emerg Svcs,Virginia Demo Market,Q3 2022,950,All Payer,mock_source_v2,vol_export_FINAL_v2.csv
Inova Health,Inova Health System,Northern Virginia,oncology,Virginia Demo Market,Q4-2019,1379,Medicare,mock_source_v2,provider_volume_2019_2023.csv
Privia Hlth,Privia Health Group,Northern Virginia,Neurology,Virginia Demo Market,Q1 2023,269,All Payer,mock_source_v2,vol_export_FINAL_v2.csv
inova health,Inova Health System,Northern Virginia,CARD,Virginia Demo Market,2021 Q4,,Commercial,mock_source_v2,vol_export_final.csv
MEDSTAR,MedStar Health,DC Metro,Oncology Services,Virginia Demo Market,Q3 2022,992,Commercial,mock_source_v2,provider_volume_2019_2023.csv
VCU Medical Center,,Richmond,orthopaedics,Virginia Demo Market,Q4-2019,873,Commercial,mock_source_v2,vol_export_final.csv
Med Star,MedStar Health,DC Metro,Cardiology,Virginia Demo Market,Q1-2021,1420,Medicaid,mock_source_v2,vol_export_FINAL_v2.csv
Privia,Privia Health Group,Northern Virginia,Oncology Services,Virginia Demo Market,Q2 2022,173,Medicaid,mock_source_v2,provider_volume_2019_2023.csv
Sentara,Sentara Healthcare,Hampton Roads,Mental Health,Virginia Demo Market,Jan-Mar 2022,432,Medicare,mock_source_v2,vol_export_final.csv
V.C.U. Health,,Richmond,OB/GYN,Virginia Demo Market,2021-Q1,836,Medicare,mock_source_v2,provider_volume_2019_2023.csv
MedStar Health,MedStar Health,DC Metro,Cancer Services,Virginia Demo Market,2022-Q2,937,Commercial,mock_source_v2,vol_export_FINAL_v2.csv
BSMH,Bon Secours Mercy Health,Richmond,neurology,Virginia Demo Market,Q4/2023,443,Medicaid,mock_source_v2,provider_volume_2019_2023.csv
inova,Inova Health System,Northern Virginia,Womens Health,Virginia Demo Market,2022 Q4,1882,Commercial,mock_source_v2,provider_volume_2019_2023.csv
BSMH,Bon Secours Mercy Health,Richmond,ONCOLOGY,,2022 Q1,391,All Payer,mock_source_v2,vol_export_final.csv
VCU,VCU Health System,Richmond,Gastroenterology,Virginia Demo Market,2022-Q3,629,All Payer,mock_source_v2,vol_export_FINAL_v2.csv
UNIVERSITY OF VIRGINIA HEALTH,UVA Health,Charlottesville,NEUROLOGY,Virginia Demo Market,Q2/2020,410,Medicare,mock_source_v2,vol_export_final.csv
LUMINIS,Luminis Health,Maryland,Mental Health,Virginia Demo Market,2022 Q2,221.0,All Payer,mock_source_v2,vol_export_FINAL_v2.csv
Novant Health,Novant Health,Northern Virginia,Emergency Services,Virginia Demo Market,Oct-Dec 2022,1029,All Payer,mock_source_v2,provider_volume_2019_2023.csv
UNIVERSITY OF VIRGINIA HEALTH,UVA Health,Charlottesville,Emergency Services,Virginia Demo Market,2021-Q3,1334,All Payer,mock_source_v2,provider_volume_2019_2023.csv
Privia Health,Privia Health Group,Northern Virginia,Orthopedics,Virginia Demo Market,Q2 2021,450,Commercial,mock_source_v2,vol_export_FINAL_v2.csv
MedStar,MedStar Health,DC Metro,Cardiology,Virginia Demo Market,Q4-2023,1561,All Payer,mock_source_v2,provider_volume_2019_2023.csv
UNIVERSITY OF VIRGINIA HEALTH,UVA Health,Charlottesville,Cardiac,Virginia Demo Market,Apr-Jun 2020,431,Medicare,mock_source_v2,vol_export_final.csv
V.C.U. Health,VCU Health System,Richmond,Psychiatry,Virginia Demo Market,2019 Q2,944,,mock_source_v2,vol_export_final.csv
INOVA Loudoun,Inova Health System,Northern Virginia,EMERGENCY,Virginia Demo Market,2020-Q3,720,All Payer,mock_source_v2,provider_volume_2019_2023.csv
bon secours,Bon Secours Mercy Health,Richmond,Cancer Services,Virginia Demo Market,2019-Q3,395,All Payer,mock_source_v2,provider_volume_2019_2023.csv
UNIVERSITY OF VIRGINIA HEALTH,UVA Health,Charlottesville,neuro services,Virginia Demo Market,Jul-Sep 2019,890,Commercial,mock_source_v2,vol_export_final.csv
Carilion,Carilion Clinic,Roanoke,Orthopedics,Virginia Demo Market,Q3/2020,612,Medicare,mock_source_v2,vol_export_final.csv
Inova Fairfax,Inova Health System,Northern Virginia,E.D.,Virginia Demo Market,Q3 2023,3396,All Payer,mock_source_v2,vol_export_FINAL_v2.csv
Luminis Hlth,Luminis Health,Maryland,Women's Health,Virginia Demo Market,2021 Q2,727,All Payer,mock_source_v2,vol_export_final.csv
Med Star,MedStar Health,DC Metro,gastro,Virginia Demo Market,Q1 2023,609,All Payer,mock_source_v2,provider_volume_2019_2023.csv
Bon Secours Mercy,Bon Secours Mercy Health,Richmond,oncology,Virginia Demo Market,Q1/2019,398,All Payer,mock_source_v2,vol_export_FINAL_v2.csv
U.V.A. Health,UVA Health,Charlottesville,Emergency,Virginia Demo Market,2022 Q4,"1,451",All Payer,mock_source_v2,vol_export_final.csv
HCA VIRGINIA,HCA Healthcare,Richmond,E.D.,Virginia Demo Market,2021 Q4,2266,Medicaid,mock_source_v2,provider_volume_2019_2023.csv
Luminis,Luminis Health,Maryland,cardiac services,Virginia Demo Market,2023-Q2,666,Commercial,mock_source_v2,provider_volume_2019_2023.csv
UVA Healthcare,UVA Health,Charlottesville,Women,Virginia Demo Market,2021-Q4,877,Medicaid,mock_source_v2,provider_volume_2019_2023.csv
SENTARA HEALTH,Sentara Healthcare,Hampton Roads,ED,Virginia Demo Market,Q2-2021,2218,,mock_source_v2,vol_export_final.csv
Novant,Novant Health,Northern Virginia,emergency services,Virginia Demo Market,2021-Q3,892,Medicaid,mock_source_v2,provider_volume_2019_2023.csv
Sentara Health,TBD,Hampton Roads,ORTHO,Virginia Demo Market,Q1 2019,1167,All Payer,mock_source_v2,vol_export_final.csv
vcu,,Richmond,Psychiatry,Virginia Demo Market,Q3 2022,1185,Medicare,mock_source_v2,vol_export_FINAL_v2.csv
hca virginia,HCA Healthcare,Richmond,women's health,Virginia Demo Market,Q1/2021,969,Commercial,mock_source_v2,vol_export_final.csv
NOVANT HEALTH,Novant Health,Northern Virginia,behav hlth,Virginia Demo Market,Apr-Jun 2023,246,,mock_source_v2,vol_export_final.csv
NovantHlth,Novant Health,Northern Virginia,behavioral health,Virginia Demo Market,2021 Q3,219,Commercial,mock_source_v2,vol_export_FINAL_v2.csv
Novant Health,Novant Health,Northern Virginia,ER Services,Virginia Demo Market,Apr-Jun 2022,912,All Payer,mock_source_v2,vol_export_FINAL_v2.csv
InOva,,Northern Virginia,orthopaedics,Virginia Demo Market,Jul-Sep 2022,2559,Medicare,mock_source_v2,provider_volume_2019_2023.csv
uva health,UVA Health,Charlottesville,neurology,Virginia Demo Market,2019 Q4,935,Medicare,mock_source_v2,vol_export_FINAL_v2.csv
LUMINIS HEALTH,Luminis Health,Maryland,Emerg Svcs,Virginia Demo Market,2019-Q3,858,Unknown,mock_source_v2,vol_export_FINAL_v2.csv
BSMH,Bon Secours Mercy Health,Richmond,womens hlth,Virginia Demo Market,2019-Q1,1320,All Payer,mock_source_v2,vol_export_FINAL_v2.csv
UVA Health,UVA Health,Charlottesville,E.D.,Virginia Demo Market,Q1-2023,1543,Unknown,mock_source_v2,vol_export_FINAL_v2.csv
Carilion Health,Carilion Clinic,Roanoke,ORTHO,Virginia Demo Market,2022-Q3,790,Medicare,mock_source_v2,vol_export_final.csv
Carilion Health,Carilion Clinic,Roanoke,ortho,Virginia Demo Market,Jan-Mar 2019,608,Unknown,mock_source_v2,provider_volume_2019_2023.csv
inova,Inova Health System,Northern Virginia,Gastroenterology,Virginia Demo Market,Jul-Sep 2023,,,mock_source_v2,provider_volume_2019_2023.csv
inova health,Inova Health System,Northern Virginia,Cardiology,Virginia Demo Market,Q3 2023,2339,All Payer,mock_source_v2,vol_export_FINAL_v2.csv
Novant Health,Novant Health,Northern Virginia,neurology,Virginia Demo Market,2021 Q1,377,All Payer,mock_source_v2,provider_volume_2019_2023.csv
Carilion Health,Carilion Clinic,Roanoke,E.D.,Virginia Demo Market,2022-Q3,1107,Unknown,mock_source_v2,vol_export_final.csv
LUMINIS,Luminis Health,Maryland,ORTHO,Virginia Demo Market,Oct-Dec 2023,572,Unknown,mock_source_v2,vol_export_FINAL_v2.csv
Privia Hlth,Privia Health Group,Northern Virginia,oncology,Virginia Demo Market,Q3-2023,192,Medicare,mock_source_v2,vol_export_final.csv
novant health,Novant Health,Northern Virginia,WOMENS HEALTH,Virginia Demo Market,2022 Q2,780,All Payer,mock_source_v2,provider_volume_2019_2023.csv
Luminis,Luminis Health,Maryland,Mental Health,Virginia Demo Market,Q3 2019,211,All Payer,mock_source_v2,provider_volume_2019_2023.csv
BSMH,Bon Secours Mercy Health,Richmond,Mental Health,Virginia Demo Market,Q4 2022,,Unknown,mock_source_v2,provider_volume_2019_2023.csv
PRIVIA,Privia Health Group,Northern Virginia,NEURO,Virginia Demo Market,Q4-2022,272,All Payer,mock_source_v2,provider_volume_2019_2023.csv
NovantHlth,Novant Health,Northern Virginia,CARDIOLOGY,National,Q1 2019,747.0,Unknown,mock_source_v2,vol_export_final.csv
Privia Health,Privia Health Group,Northern Virginia,Oncology,Virginia Demo Market,Jul-Sep 2020,127,All Payer,mock_source_v2,provider_volume_2019_2023.csv
hca hlth va,HCA Healthcare,Richmond,orthopaedics,Virginia Demo Market,2020 Q3,1129,All Payer,mock_source_v2,provider_volume_2019_2023.csv
privia health,Privia Health Group,Northern Virginia,Emergency Services,Virginia Demo Market,Q2 2021,104,Commercial,mock_source_v2,vol_export_final.csv
Inova,Inova Health System,Northern Virginia,orthopaedics,Virginia Demo Market,2020 Q4,2035,Medicaid,mock_source_v2,provider_volume_2019_2023.csv
CARILION CLINIC,Carilion Clinic,Roanoke,OB/GYN,Virginia Demo Market,Q1 2023,775,Unknown,mock_source_v2,vol_export_FINAL_v2.csv
UNIVERSITY OF VIRGINIA HEALTH,UVA Health,Charlottesville,Orthopedics,Virginia Demo Market,Q1/2021,759,,mock_source_v2,vol_export_final.csv
novant health,Novant Health,Northern Virginia,neuro services,Virginia Demo Market,Oct-Dec 2022,394,All Payer,mock_source_v2,vol_export_final.csv
medstar health,MedStar Health,DC Metro,GI,Virginia Demo Market,2020-Q3,473,Medicaid,mock_source_v2,vol_export_FINAL_v2.csv
MEDSTAR,MedStar Health,DC Metro,CARDIOLOGY,Virginia Demo Market,2019 Q4,1487,All Payer,mock_source_v2,vol_export_FINAL_v2.csv
novant health,Novant Health,Northern Virginia,Heart Services,Virginia Demo Market,Jul-Sep 2022,749,Commercial,mock_source_v2,provider_volume_2019_2023.csv
Luminis Health,Luminis Health,Maryland,E.D.,Virginia Demo Market,2021 Q1,996,Unknown,mock_source_v2,provider_volume_2019_2023.csv
Carilion,Carilion Clinic,Roanoke,Neurology,Virginia Demo Market,2021 Q2,727,All Payer,mock_source_v2,provider_volume_2019_2023.csv
HCA VIRGINIA,HCA Healthcare,Richmond,Womens Health,Virginia Demo Market,Q3/2020,802,Medicare,mock_source_v2,vol_export_FINAL_v2.csv
hca hlth va,HCA Healthcare,Richmond,cancer,Virginia Demo Market,Q4 2020,458,Medicare,mock_source_v2,vol_export_FINAL_v2.csv
CARILION,Carilion Clinic,Roanoke,Ob-Gyn,Virginia Demo Market,2023 Q2,782,Medicare,mock_source_v2,vol_export_FINAL_v2.csv
VCU Medical Center,VCU Health System,Richmond,MSK,Virginia Demo Market,2022-Q4,972,Medicare,mock_source_v2,vol_export_final.csv
Inova Loudoun Hospital,Inova Health System,Northern Virginia,Neuro,Virginia Demo Market,Q2/2021,302,,mock_source_v2,vol_export_final.csv
SENTARA,Sentara Healthcare,Hampton Roads,Oncology Services,Virginia Demo Market,Q1/2022,891,Medicare,mock_source_v2,provider_volume_2019_2023.csv
carilion clinic,Carilion Clinic,Roanoke,Oncology Services,Virginia Demo Market,Jul-Sep 2023,616,Medicare,mock_source_v2,provider_volume_2019_2023.csv
UVA,UVA Health,Charlottesville,Behavioral Health,Virginia Demo Market,Q1/2020,380,Medicare,mock_source_v2,vol_export_FINAL_v2.csv
hca virginia,HCA Healthcare,Richmond,GI Services,Virginia Demo Market,2023 Q2,583,Medicaid,mock_source_v2,provider_volume_2019_2023.csv
privia health,Privia Health Group,Northern Virginia,MSK,Virginia Demo Market,Jan-Mar 2023,425,All Payer,mock_source_v2,vol_export_FINAL_v2.csv
Inova Loudoun,Inova Health System,Northern Virginia,NEURO,Virginia Demo Market,Jul-Sep 2023,321,All Payer,mock_source_v2,provider_volume_2019_2023.csv
MedStar Health,,DC Metro,Ob-Gyn,Virginia Demo Market,Q1-2020,"1,033",All Payer,mock_source_v2,provider_volume_2019_2023.csv
UVA Health,UVA Health,Charlottesville,orthopaedics,Virginia Demo Market,Q1 2019,749,All Payer,mock_source_v2,provider_volume_2019_2023.csv
HCA VIRGINIA,HCA Healthcare,Richmond,womens hlth,Virginia Demo Market,2023-Q4,1046,All Payer,mock_source_v2,vol_export_final.csv
CARILION CLINIC,Carilion Clinic,Roanoke,emergency services,Virginia Demo Market,2023-Q1,1283,Medicaid,mock_source_v2,vol_export_FINAL_v2.csv
inova,Inova Health System,Northern Virginia,card.,Virginia Demo Market,Oct-Dec 2020,2110,Medicaid,mock_source_v2,provider_volume_2019_2023.csv
INOVA HEALTH SYSTEM,Inova Health System,Northern Virginia,Women's Health,Virginia Demo Market,Q1/2022,1955,All Payer,mock_source_v2,provider_volume_2019_2023.csv
NovantHlth,Novant Health,Northern Virginia,Gastro,Virginia Demo Market,2019 Q4,289,All Payer,mock_source_v2,vol_export_FINAL_v2.csv
Sentara Health,Sentara Healthcare,Hampton Roads,Ob-Gyn,Virginia Demo Market,Q2-2021,1652,,mock_source_v2,vol_export_final.csv
VCU HEALTH,VCU Health System,Richmond,ED,Virginia Demo Market,Q3-2022,1727,Medicare,mock_source_v2,provider_volume_2019_2023.csv
SENTARA,Sentara Healthcare,Hampton Roads,Behavioral Health,Virginia Demo Market,Apr-Jun 2019,403,Commercial,mock_source_v2,vol_export_FINAL_v2.csv
Sentara Health,Sentara Healthcare,Hampton Roads,Ob-Gyn,Virginia Demo Market,Q2-2021,1652,,mock_source_v2,vol_export_final.csv
Bon Secours Health,Bon Secours Mercy Health,Richmond,Mental Health,Virginia Demo Market,2023 Q2,227,All Payer,mock_source_v2,vol_export_final.csv
HCA VIRGINIA,HCA Healthcare,Richmond,oncology,Virginia Demo Market,Q1/2019,484,All Payer,mock_source_v2,vol_export_FINAL_v2.csv
SENTARA,Sentara Healthcare,Hampton Roads,cancer,Virginia Demo Market,Q2/2020,402,All Payer,mock_source_v2,vol_export_final.csv
UVA,UVA Health,Charlottesville,NEURO,Virginia Demo Market,2023-Q2,940,All Payer,mock_source_v2,provider_volume_2019_2023.csv
UVA,UVA Health,Charlottesville,Ob-Gyn,Virginia Demo Market,Q3 2023,943,All Payer,mock_source_v2,vol_export_final.csv
HCA Healthcare VA,HCA Healthcare,Richmond,onc.,Virginia Demo Market,Q3 2019,521,Medicare,mock_source_v2,vol_export_final.csv
NOVANT HEALTH,Novant Health,Northern Virginia,Cardiac,Virginia Demo Market,2019 Q2,688,Medicaid,mock_source_v2,provider_volume_2019_2023.csv
UVA Health,UVA Health,Charlottesville,G.I.,Virginia Demo Market,Q4 2021,499,All Payer,mock_source_v2,vol_export_FINAL_v2.csv
UVA,UVA Health,Charlottesville,onc.,Virginia Demo Market,Oct-Dec 2020,1142,Medicaid,mock_source_v2,provider_volume_2019_2023.csv
inova loudoun,Inova Health System,Northern Virginia,EMERGENCY,Virginia Demo Market,Q3/2023,997,Medicaid,mock_source_v2,provider_volume_2019_2023.csv
Privia Health,Privia Health Group,Northern Virginia,MSK,Virginia Demo Market,Q3-2020,335.0,Medicare,mock_source_v2,vol_export_final.csv
Novant Health,Novant Health,Northern Virginia,Womens Health,Virginia Demo Market,2020-Q2,343,All Payer,mock_source_v2,vol_export_final.csv
Carilion,Carilion Clinic,Roanoke,ORTHOPEDICS,Virginia Demo Market,2023 Q2,815,Unknown,mock_source_v2,provider_volume_2019_2023.csv
Privia Health,Privia Health Group,Northern Virginia,Women,Virginia Demo Market,Q3/2020,425,All Payer,mock_source_v2,provider_volume_2019_2023.csv
MEDSTAR HEALTH,MedStar Health,DC Metro,Orthopedic,Virginia Demo Market,2023-Q1,1052,Medicaid,mock_source_v2,provider_volume_2019_2023.csv
hca virginia,HCA Healthcare,Richmond,Psych,Virginia Demo Market,Q3-2019,301,All Payer,mock_source_v2,vol_export_FINAL_v2.csv
Bon Secours Mercy,Bon Secours Mercy Health,Richmond,womens hlth,Virginia Demo Market,2021-Q2,1403,All Payer,mock_source_v2,provider_volume_2019_2023.csv
MedStar Health,MedStar Health,DC Metro,Cardiology,Virginia Demo Market,Q3-2020,1000,All Payer,mock_source_v2,vol_export_final.csv
VCU Medical Center,VCU Health System,Richmond,ED,Virginia Demo Market,Q2/2019,1492.0,Medicare,mock_source_v2,vol_export_FINAL_v2.csv
Bon Secours,Bon Secours Mercy Health,Richmond,cardiac services,Virginia Demo Market,2021-Q1,961,All Payer,mock_source_v2,vol_export_FINAL_v2.csv
INOVA,Inova Health System,Northern Virginia,Musculoskeletal,Virginia Demo Market,Q3-2019,2893,All Payer,mock_source_v2,vol_export_final.csv
Luminis Hlth,Luminis Health,Maryland,GI,Virginia Demo Market,Q2/2019,,All Payer,mock_source_v2,vol_export_FINAL_v2.csv
BSMH,Bon Secours Mercy Health,Richmond,behavioral health,Virginia Demo Market,Q4-2020,192,Commercial,mock_source_v2,vol_export_final.csv
privia health,Privia Health Group,Northern Virginia,Cardiac,Virginia Demo Market,Q4 2019,472,All Payer,mock_source_v2,provider_volume_2019_2023.csv
MedStar Health,MedStar Health,DC Metro,gastro,Virginia Demo Market,Oct-Dec 2023,641,,mock_source_v2,vol_export_FINAL_v2.csv
InOva,,Northern Virginia,Neurology,Virginia Demo Market,2019-Q4,1095,All Payer,mock_source_v2,vol_export_final.csv
Carilion,Carilion Clinic,Roanoke,cardiac services,Virginia Demo Market,Jan-Mar 2023,859,Medicare,mock_source_v2,vol_export_FINAL_v2.csv
Privia Hlth,Privia Health Group,Northern Virginia,BH,Virginia Demo Market,Q4/2022,424,Medicaid,mock_source_v2,provider_volume_2019_2023.csv
HCA Healthcare VA,HCA Healthcare,Richmond,cardiac services,Virginia Demo Market,Q4-2023,1282,Medicare,mock_source_v2,vol_export_final.csv
HCA VIRGINIA,HCA Healthcare,Richmond,ER Services,Virginia Demo Market,Q1 2020,2265,Commercial,mock_source_v2,vol_export_final.csv
Virginia Commonwealth,VCU Health System,Richmond,ORTHO,Virginia Demo Market,2020-Q1,-999,Medicare,mock_source_v2,vol_export_final.csv
CARILION CLINIC,Carilion Clinic,Roanoke,OB/GYN,Virginia Demo Market,Jul-Sep 2023,761,All Payer,mock_source_v2,vol_export_FINAL_v2.csv
Luminis Hlth,Luminis Health,Maryland,G.I.,Virginia Demo Market,Q2/2023,336,All Payer,mock_source_v2,vol_export_final.csv
SENTARA HEALTH,Sentara Healthcare,Hampton Roads,ONCOLOGY,Virginia Demo Market,Q3-2020,679,All Payer,mock_source_v2,vol_export_FINAL_v2.csv
inova health,Inova Health System,Northern Virginia,Gastroenterology,Virginia Demo Market,2021-Q3,986,All Payer,mock_source_v2,provider_volume_2019_2023.csv
Inova Health,Inova Health System,Northern Virginia,Heart Services,Virginia Demo Market,Q1 2021,,All Payer,mock_source_v2,vol_export_final.csv
uva health,UVA Health,Charlottesville,Orthopedic,Virginia Demo Market,Q2 2020,445,All Payer,mock_source_v2,vol_export_FINAL_v2.csv
NOVANT HEALTH,Novant Health,Northern Virginia,Gastro,Virginia Demo Market,Q2-2023,343,Medicaid,mock_source_v2,provider_volume_2019_2023.csv
Luminis Health,Luminis Health,Maryland,Cancer Services,Virginia Demo Market,Q3/2019,412,Medicaid,mock_source_v2,provider_volume_2019_2023.csv
U.V.A. Health,UVA Health,Charlottesville,EMERGENCY,Virginia Demo Market,Q3/2020,997,All Payer,mock_source_v2,vol_export_final.csv
carilion clinic,Carilion Clinic,Roanoke,Emerg Svcs,Virginia Demo Market,2019 Q3,1077,All Payer,mock_source_v2,vol_export_final.csv
carilion clinic,Carilion Clinic,Roanoke,ortho,Virginia Demo Market,Q1 2021,650,All Payer,mock_source_v2,vol_export_FINAL_v2.csv
VCU Medical Center,VCU Health System,Richmond,Orthopedics,Virginia Demo Market,2020 Q4,836,Commercial,mock_source_v2,provider_volume_2019_2023.csv
SENTARA HEALTH,Sentara Healthcare,Hampton Roads,behav hlth,Virginia Demo Market,Jan-Mar 2021,448,Medicare,mock_source_v2,vol_export_final.csv
INOVA Loudoun,Inova Health System,Northern Virginia,behav hlth,Virginia Demo Market,Q4-2023,204,All Payer,mock_source_v2,vol_export_final.csv
Privia,Privia Health Group,Northern Virginia,cardiac services,Virginia Demo Market,2023 Q2,523,Medicare,mock_source_v2,vol_export_final.csv
Luminis Health,Luminis Health,Maryland,GASTROENTEROLOGY,TBD,Q2/2022,319,All Payer,mock_source_v2,vol_export_FINAL_v2.csv
Carilion,Carilion Clinic,Roanoke,emergency services,Virginia Demo Market,Q2 2021,1033,All Payer,mock_source_v2,provider_volume_2019_2023.csv
NOVANT,Novant Health,Northern Virginia,GASTROENTEROLOGY,Virginia Demo Market,Oct-Dec 2021,309,Unknown,mock_source_v2,vol_export_final.csv
SENTARA HEALTH,Sentara Healthcare,Hampton Roads,Cancer Services,Virginia Demo Market,Q4-2019,870,Commercial,mock_source_v2,provider_volume_2019_2023.csv
UNIVERSITY OF VIRGINIA HEALTH,UVA Health,Charlottesville,cardiology,Virginia Demo Market,Q1/2022,1063,Medicaid,mock_source_v2,vol_export_final.csv
Luminis Health,Luminis Health,Maryland,emergency services,Virginia Demo Market,Q3/2021,915,All Payer,mock_source_v2,vol_export_FINAL_v2.csv
INOVA,Inova Health System,Northern Virginia,G.I.,Virginia Demo Market,2023-Q4,947,All Payer,mock_source_v2,vol_export_final.csv
SENTARA,Sentara Healthcare,Hampton Roads,Cardiac,Virginia Demo Market,Q4-2019,1573,All Payer,mock_source_v2,provider_volume_2019_2023.csv
VCU Health,VCU Health System,Richmond,onc.,Virginia Demo Market,Jul-Sep 2020,2416,,mock_source_v2,provider_volume_2019_2023.csv
Novant,Novant Health,Northern Virginia,orthopaedics,National,Q1/2023,853,Commercial,mock_source_v2,provider_volume_2019_2023.csv
BON SECOURS,Bon Secours Mercy Health,Richmond,NEURO,Virginia Demo Market,Q2 2023,420 cases,All Payer,mock_source_v2,provider_volume_2019_2023.csv
MEDSTAR,MedStar Health,DC Metro,cardiac services,Virginia Demo Market,2022 Q4,1599,All Payer,mock_source_v2,provider_volume_2019_2023.csv
Loudoun Hospital,Inova Health System,Northern Virginia,G.I.,Virginia Demo Market,2023-Q4,260,All Payer,mock_source_v2,provider_volume_2019_2023.csv
VCU HEALTH,VCU Health System,Richmond,Cardiology,Virginia Demo Market,2021 Q3,ERROR,Medicare,mock_source_v2,vol_export_final.csv
SENTARA HEALTH,,Hampton Roads,Cardiac,Virginia Demo Market,Q1 2021,1655,All Payer,mock_source_v2,vol_export_FINAL_v2.csv
LUMINIS HEALTH,,Maryland,Cancer Services,Virginia Demo Market,Q4/2022,417,Unknown,mock_source_v2,vol_export_final.csv
Sentara Health,,Hampton Roads,EMERGENCY,Virginia Demo Market,Q4/2021,2487,Medicare,mock_source_v2,vol_export_final.csv
BON SECOURS,Bon Secours Mercy Health,Richmond,GI,Virginia Demo Market,2022 Q1,448,Medicare,mock_source_v2,vol_export_final.csv
Inova Loudoun,Inova Health System,Northern Virginia,Women,Virginia Demo Market,Q4 2020,732,Medicaid,mock_source_v2,provider_volume_2019_2023.csv
HCA Virginia,HCA Healthcare,Richmond,NEUROLOGY,Virginia Demo Market,2019-Q4,511,Commercial,mock_source_v2,vol_export_FINAL_v2.csv
CARILION CLINIC,Carilion Clinic,Roanoke,card.,Virginia Demo Market,2019 Q3,727,All Payer,mock_source_v2,vol_export_FINAL_v2.csv
HCA,HCA Healthcare,Richmond,BH,Virginia Demo Market,Q3-2022,347,All Payer,mock_source_v2,vol_export_FINAL_v2.csv
MEDSTAR HEALTH,N/A,DC Metro,Gastroenterology,Virginia Demo Market,2021-Q2,656,Commercial,mock_source_v2,vol_export_final.csv
UVA Health,UVA Health,Charlottesville,Women's Health,Virginia Demo Market,Apr-Jun 2021,933,Medicare,mock_source_v2,provider_volume_2019_2023.csv
inova,Inova Health System,Northern Virginia,CARD,Virginia Demo Market,Q2-2021,2158,Medicare,mock_source_v2,provider_volume_2019_2023.csv
Privia Hlth,Privia Health Group,Northern Virginia,NEURO,Virginia Demo Market,Q4/2019,,Medicare,mock_source_v2,provider_volume_2019_2023.csv
sentara hlth,Sentara Healthcare,Hampton Roads,neuro services,Virginia Demo Market,Oct-Dec 2019,793,Medicaid,mock_source_v2,vol_export_FINAL_v2.csv
UVA Health,UVA Health,Charlottesville,E.D.,Virginia Demo Market,Apr-Jun 2019,1221,Medicare,mock_source_v2,vol_export_final.csv
inova health,Inova Health System,Northern Virginia,Psych,Virginia Demo Market,Q3 2019,610,All Payer,mock_source_v2,provider_volume_2019_2023.csv
Privia Hlth,Privia Health Group,Northern Virginia,neurology,Virginia Demo Market,2022-Q1,244,,mock_source_v2,vol_export_FINAL_v2.csv
PRIVIA,Privia Health Group,Northern Virginia,ORTHOPEDICS,Virginia Demo Market,Q3 2019,405,Medicaid,mock_source_v2,provider_volume_2019_2023.csv
Luminis,Luminis Health,Maryland,OB/GYN,Virginia Demo Market,2020 Q3,563,All Payer,mock_source_v2,vol_export_final.csv
Novant,Novant Health,Northern Virginia,ED,Virginia Demo Market,2020-Q2,402,Medicare,mock_source_v2,vol_export_FINAL_v2.csv
VCU,VCU Health System,Richmond,oncology,Virginia Demo Market,Q2-2021,3045,All Payer,mock_source_v2,provider_volume_2019_2023.csv
Luminis,Luminis Health,Maryland,MSK,Virginia Demo Market,Q1/2020,535,Commercial,mock_source_v2,vol_export_FINAL_v2.csv
Bon Secours Mercy,Bon Secours Mercy Health,Richmond,cancer,Virginia Demo Market,2020-Q4,355,All Payer,mock_source_v2,vol_export_final.csv
MEDSTAR HEALTH,MedStar Health,DC Metro,behavioral health,Virginia Demo Market,Jul-Sep 2020,,Commercial,mock_source_v2,vol_export_final.csv
Inova Loudoun,Inova Health System,Northern Virginia,cancer,Virginia Demo Market,Jul-Sep 2020,,All Payer,mock_source_v2,vol_export_final.csv
Inova Loudoun,Inova Health System,Northern Virginia,card.,Virginia Demo Market,Q2-2020,261,,mock_source_v2,vol_export_final.csv
U.V.A. Health,UVA Health,Charlottesville,GI,Virginia Demo Market,2023 Q1,522,Medicare,mock_source_v2,provider_volume_2019_2023.csv
privia health,Privia Health Group,Northern Virginia,GI,Virginia Demo Market,Jan-Mar 2022,301,All Payer,mock_source_v2,vol_export_final.csv
InOva,Inova Health System,Northern Virginia,E.D.,Virginia Demo Market,Q2 2023,3427,Medicaid,mock_source_v2,provider_volume_2019_2023.csv
Privia Health,Privia Health Group,Northern Virginia,Orthopedics,Virginia Demo Market,Q2 2021,450,Commercial,mock_source_v2,vol_export_FINAL_v2.csv
inova loudoun,Inova Health System,Northern Virginia,GI Services,Virginia Demo Market,Q2-2021,272,All Payer,mock_source_v2,vol_export_FINAL_v2.csv
NOVANT,Novant Health,Northern Virginia,G.I.,Virginia Demo Market,Q4-2023,326,All Payer,mock_source_v2,provider_volume_2019_2023.csv
LUMINIS HEALTH,Luminis Health,Maryland,EMERGENCY,Virginia Demo Market,2019-Q4,928,Medicare,mock_source_v2,vol_export_final.csv
Luminis,Luminis Health,Maryland,OB/GYN,Virginia Demo Market,Q3/2021,,Commercial,mock_source_v2,vol_export_final.csv
NovantHlth,Novant Health,Northern Virginia,Women,Virginia Demo Market,Q4 2019,699,Medicaid,mock_source_v2,vol_export_FINAL_v2.csv
inova loudoun,Inova Health System,Northern Virginia,Neurological Svcs,Virginia Demo Market,Q2/2022,324,Medicaid,mock_source_v2,vol_export_FINAL_v2.csv
Carilion,Carilion Clinic,Roanoke,onc.,Virginia Demo Market,2022-Q3,630,All Payer,mock_source_v2,vol_export_FINAL_v2.csv
Privia,Privia Health Group,Northern Virginia,Oncology,Virginia Demo Market,Q1-2022,174 cases,Commercial,mock_source_v2,vol_export_final.csv
HCA,HCA Healthcare,Richmond,onc.,Virginia Demo Market,Q2/2023,496,All Payer,mock_source_v2,provider_volume_2019_2023.csv
CARILION CLINIC,Carilion Clinic,Roanoke,GASTROENTEROLOGY,Virginia Demo Market,2020-Q1,359,All Payer,mock_source_v2,vol_export_FINAL_v2.csv
HCA Virginia,HCA Healthcare,Richmond,ED,Virginia Demo Market,Q3/2019,2037,,mock_source_v2,vol_export_final.csv
inova,Inova Health System,Northern Virginia,EMERGENCY,Virginia Demo Market,Jan-Mar 2021,3790,Medicare,mock_source_v2,vol_export_final.csv
bon secours,Bon Secours Mercy Health,Richmond,ORTHO,Virginia Demo Market,2022 Q4,1065,All Payer,mock_source_v2,vol_export_FINAL_v2.csv
PRIVIA,Privia Health Group,Northern Virginia,Psychiatry,Virginia Demo Market,Apr-Jun 2022,385,Medicaid,mock_source_v2,vol_export_final.csv
MedStar Health,MedStar Health,DC Metro,Emergency,Virginia Demo Market,Q3-2021,1850,,mock_source_v2,provider_volume_2019_2023.csv
Virginia Commonwealth,VCU Health System,Richmond,Emerg Svcs,Virginia Demo Market,Q3-2019,1596,Medicaid,mock_source_v2,provider_volume_2019_2023.csv
novant health,Novant Health,Northern Virginia,cardiology,Virginia Demo Market,Q1-2023,825,All Payer,mock_source_v2,vol_export_final.csv
INOVA Loudoun,Inova Health System,Northern Virginia,Orthopedics,Virginia Demo Market,Apr-Jun 2022,856,,mock_source_v2,vol_export_final.csv
sentara,Sentara Healthcare,Hampton Roads,Emergency,Virginia Demo Market,Q4/2023,2856,All Payer,mock_source_v2,provider_volume_2019_2023.csv
Inova Loudoun,Inova Health System,Northern Virginia,GI,Virginia Demo Market,Jan-Mar 2023,242,All Payer,mock_source_v2,vol_export_final.csv
hca virginia,HCA Healthcare,Richmond,CARDIOLOGY,Virginia Demo Market,2020-Q4,1069,Medicare,mock_source_v2,vol_export_final.csv
SENTARA HEALTH,Sentara Healthcare,Hampton Roads,NEURO,Virginia Demo Market,Q3 2020,585,Medicare,mock_source_v2,provider_volume_2019_2023.csv
Inova Health,Inova Health System,Northern Virginia,women's health,Virginia Demo Market,Oct-Dec 2019,1848,Medicare,mock_source_v2,vol_export_FINAL_v2.csv
Sentara Healthcare,Sentara Healthcare,Hampton Roads,gi services,Virginia Demo Market,Jan-Mar 2023,716,All Payer,mock_source_v2,vol_export_FINAL_v2.csv
Privia Hlth,Privia Health Group,Northern Virginia,Behavioral Health,Virginia Demo Market,Oct-Dec 2021,395,All Payer,mock_source_v2,provider_volume_2019_2023.csv
Bon Secours Mercy,Bon Secours Mercy Health,Richmond,BH,Virginia Demo Market,Jul-Sep 2021,216 cases,Medicare,mock_source_v2,provider_volume_2019_2023.csv
Inova Loudoun,Inova Health System,Northern Virginia,ONCOLOGY,Virginia Demo Market,Q3/2019,290,Medicaid,mock_source_v2,provider_volume_2019_2023.csv
hca hlth va,HCA Healthcare,Richmond,gastro,Virginia Demo Market,Q3 2020,436,Medicaid,mock_source_v2,vol_export_FINAL_v2.csv
U.V.A. Health,UVA Health,Charlottesville,NEUROLOGY,Virginia Demo Market,Jul-Sep 2023,998,,mock_source_v2,vol_export_FINAL_v2.csv
Sentara Healthcare,Sentara Healthcare,Hampton Roads,BH,Virginia Demo Market,2022 Q4,481,,mock_source_v2,provider_volume_2019_2023.csv
inova,Inova Health System,Northern Virginia,ortho,Virginia Demo Market,Oct-Dec 2021,2393,Commercial,mock_source_v2,provider_volume_2019_2023.csv
carilion clinic,Carilion Clinic,Roanoke,emergency services,Virginia Demo Market,2022-Q2,1081,Medicaid,mock_source_v2,provider_volume_2019_2023.csv
hca hlth va,HCA Healthcare,Richmond,BH,Virginia Demo Market,Q2/2020,139,,mock_source_v2,vol_export_final.csv
MEDSTAR HEALTH,MedStar Health,DC Metro,emergency services,Virginia Demo Market,Q2/2019,1747,Medicare,mock_source_v2,vol_export_final.csv
vcu,VCU Health System,Richmond,Behavioral Health,Virginia Demo Market,Q3-2019,934,Medicaid,mock_source_v2,vol_export_FINAL_v2.csv
InOva,Inova Health System,Northern Virginia,behavioral health,Virginia Demo Market,Apr-Jun 2021,711,Medicare,mock_source_v2,provider_volume_2019_2023.csv
bon secours,Bon Secours Mercy Health,Richmond,ORTHO,Virginia Demo Market,Jan-Mar 2020,986,Medicare,mock_source_v2,vol_export_FINAL_v2.csv
MedStar Health,MedStar Health,DC Metro,ONC,Virginia Demo Market,2023-Q1,978,All Payer,mock_source_v2,provider_volume_2019_2023.csv
V.C.U. Health,VCU Health System,Richmond,Heart Services,Virginia Demo Market,Oct-Dec 2019,,Unknown,mock_source_v2,provider_volume_2019_2023.csv
MEDSTAR,,DC Metro,Women's Health,Virginia Demo Market,Q1-2019,1060,All Payer,mock_source_v2,vol_export_FINAL_v2.csv
SENTARA,Sentara Healthcare,Hampton Roads,behav hlth,Virginia Demo Market,2019 Q1,385,Medicare,mock_source_v2,provider_volume_2019_2023.csv
Sentara,Sentara Healthcare,Hampton Roads,emergency services,Virginia Demo Market,Q3-2021,,Unknown,mock_source_v2,provider_volume_2019_2023.csv
inova loudoun,Inova Health System,Northern Virginia,Psych,Virginia Demo Market,Q3/2021,177,Unknown,mock_source_v2,provider_volume_2019_2023.csv
INOVA HEALTH SYSTEM,Inova Health System,Northern Virginia,BEHAVIORAL HEALTH,Virginia Demo Market,2022-Q1,725,All Payer,mock_source_v2,vol_export_FINAL_v2.csv
novant health,Novant Health,Northern Virginia,orthopaedics,Virginia Demo Market,Q2-2019,878,Commercial,mock_source_v2,vol_export_FINAL_v2.csv
carilion clinic,Carilion Clinic,Roanoke,Cardiology,Virginia Demo Market,2020-Q3,559,All Payer,mock_source_v2,provider_volume_2019_2023.csv
Privia Hlth,,Northern Virginia,behavioral health,Virginia Demo Market,2020 Q4,307,Medicare,mock_source_v2,provider_volume_2019_2023.csv
Sentara Healthcare,Sentara Healthcare,Hampton Roads,ED,Virginia Demo Market,2019 Q2,2120,Commercial,mock_source_v2,vol_export_final.csv
Novant Health,Novant Health,Northern Virginia,GASTROENTEROLOGY,Virginia Demo Market,2022 Q2,348,All Payer,mock_source_v2,provider_volume_2019_2023.csv
Bon Secours Mercy,Bon Secours Mercy Health,Richmond,Neurological Svcs,Virginia Demo Market,Q1 2020,396,Medicare,mock_source_v2,vol_export_FINAL_v2.csv
inova,Inova Health System,Northern Virginia,Neurological Svcs,Virginia Demo Market,Jan-Mar 2023,1257,,mock_source_v2,vol_export_FINAL_v2.csv
uva health,UVA Health,Charlottesville,Cardiology,Virginia Demo Market,Q1/2021,1057,All Payer,mock_source_v2,vol_export_FINAL_v2.csv
NovantHlth,Novant Health,Northern Virginia,GI,Virginia Demo Market,2020-Q3,239,All Payer,mock_source_v2,vol_export_FINAL_v2.csv
Privia Health,Privia Health Group,Northern Virginia,OB/GYN,Virginia Demo Market,Q2-2022,605,All Payer,mock_source_v2,vol_export_FINAL_v2.csv
Inova,,Northern Virginia,WOMENS HEALTH,Virginia Demo Market,Q4-2023,1873,All Payer,mock_source_v2,vol_export_FINAL_v2.csv
PRIVIA HEALTH GROUP,Privia Health Group,Northern Virginia,GASTROENTEROLOGY,Virginia Demo Market,Q3/2021,306,Unknown,mock_source_v2,provider_volume_2019_2023.csv
VCU Health,VCU Health System,Richmond,GI Services,Virginia Demo Market,Q1/2020,553,Medicare,mock_source_v2,vol_export_FINAL_v2.csv
Sentara,Sentara Healthcare,Hampton Roads,Neuro,Virginia Demo Market,Q3-2022,786,All Payer,mock_source_v2,vol_export_FINAL_v2.csv
vcu health,VCU Health System,Richmond,Psychiatry,Virginia Demo Market,Oct-Dec 2020,877,Medicare,mock_source_v2,vol_export_FINAL_v2.csv
Privia,Privia Health Group,Northern Virginia,gastro,Virginia Demo Market,Q3 2020,218,Medicaid,mock_source_v2,vol_export_final.csv
Inova Fairfax,Inova Health System,Northern Virginia,emergency services,Virginia Demo Market,Q2/2020,1453,Medicare,mock_source_v2,vol_export_final.csv
carilion clinic,Carilion Clinic,Roanoke,neurology,Virginia Demo Market,Q4/2019,728 cases,Unknown,mock_source_v2,vol_export_final.csv
HCA,HCA Healthcare,Richmond,Psychiatry,Virginia Demo Market,2023 Q1,355,Medicare,mock_source_v2,vol_export_FINAL_v2.csv
HCA VIRGINIA,HCA Healthcare,Richmond,Neurology,Virginia Demo Market,2023-Q4,539,Commercial,mock_source_v2,provider_volume_2019_2023.csv
medstar health,MedStar Health,DC Metro,cancer,Virginia Demo Market,Q3/2021,944,Medicare,mock_source_v2,provider_volume_2019_2023.csv
UVA Health,UVA Health,Charlottesville,gastro,Virginia Demo Market,Apr-Jun 2020,245,Commercial,mock_source_v2,vol_export_FINAL_v2.csv
PRIVIA,Privia Health Group,Northern Virginia,ER Services,Virginia Demo Market,Q1-2022,122,All Payer,mock_source_v2,provider_volume_2019_2023.csv
sentara hlth,Sentara Healthcare,Hampton Roads,ORTHO,Virginia Demo Market,2022 Q3,1640,All Payer,mock_source_v2,provider_volume_2019_2023.csv
sentara hlth,,Hampton Roads,E.D.,Virginia Demo Market,Q1-2021,2550,All Payer,mock_source_v2,vol_export_final.csv
sentara,Sentara Healthcare,Hampton Roads,ORTHOPEDICS,Virginia Demo Market,Q1 2020,1201,Medicaid,mock_source_v2,vol_export_final.csv
Privia,Privia Health Group,Northern Virginia,Women,Virginia Demo Market,Q1/2020,507,All Payer,mock_source_v2,provider_volume_2019_2023.csv
MedStar,MedStar Health,DC Metro,cardiology,Virginia Demo Market,2022-Q3,1365,,mock_source_v2,vol_export_final.csv
hca virginia,HCA Healthcare,Richmond,ortho,Virginia Demo Market,Q4 2019,1256,All Payer,mock_source_v2,provider_volume_2019_2023.csv
VCU Medical Center,VCU Health System,Richmond,neurology,Virginia Demo Market,2023-Q1,1681,All Payer,mock_source_v2,provider_volume_2019_2023.csv
hca hlth va,HCA Healthcare,Richmond,orthopaedics,Virginia Demo Market,2020 Q3,1129,All Payer,mock_source_v2,provider_volume_2019_2023.csv
hca hlth va,HCA Healthcare,Richmond,WOMENS HEALTH,Virginia Demo Market,2022-Q4,974,Commercial,mock_source_v2,provider_volume_2019_2023.csv
NOVANT,Novant Health,Northern Virginia,Neuro,Virginia Demo Market,Q1-2019,364,Medicare,mock_source_v2,provider_volume_2019_2023.csv
luminis health,Luminis Health,Maryland,oncology,Virginia Demo Market,2020 Q3,307,All Payer,mock_source_v2,vol_export_final.csv
Novant Health,Novant Health,Northern Virginia,neuro services,Virginia Demo Market,2020-Q1,359.0,All Payer,mock_source_v2,vol_export_final.csv
medstar health,MedStar Health,DC Metro,Neurology,Virginia Demo Market,Jul-Sep 2022,888,Unknown,mock_source_v2,provider_volume_2019_2023.csv
Inova,Inova Health System,Northern Virginia,gastro,Virginia Demo Market,Apr-Jun 2022,970,Unknown,mock_source_v2,vol_export_final.csv
Sentara,Sentara Healthcare,Hampton Roads,women's health,Virginia Demo Market,Q2 2019,1612,Medicare,mock_source_v2,vol_export_FINAL_v2.csv
Luminis Health,Luminis Health,Maryland,Neurological Svcs,Virginia Demo Market,2022 Q2,371,Medicare,mock_source_v2,provider_volume_2019_2023.csv
CARILION,Carilion Clinic,Roanoke,Women,Virginia Demo Market,2022 Q2,775,All Payer,mock_source_v2,vol_export_final.csv
HCA,HCA Healthcare,Richmond,Cardiac,Virginia Demo Market,2021 Q1,1224,,mock_source_v2,vol_export_final.csv
Luminis,Luminis Health,Maryland,BH,Virginia Demo Market,Q2 2019,208.0,All Payer,mock_source_v2,provider_volume_2019_2023.csv
hca virginia,HCA Healthcare,Richmond,gi services,Virginia Demo Market,Q2-2020,256,Commercial,mock_source_v2,vol_export_FINAL_v2.csv
BSMH,Bon Secours Mercy Health,Richmond,GI Services,Virginia Demo Market,2021 Q2,489,All Payer,mock_source_v2,provider_volume_2019_2023.csv
HCA VIRGINIA,HCA Healthcare,Richmond,NEURO,Virginia Demo Market,2022 Q1,526,Unknown,mock_source_v2,vol_export_final.csv
INOVA Loudoun,Inova Health System,Northern Virginia,NEURO,Virginia Demo Market,2019-Q2,299,Medicare,mock_source_v2,vol_export_final.csv
SENTARA,Sentara Healthcare,Hampton Roads,Orthopedic,Virginia Demo Market,Jan-Mar 2023,1427,All Payer,mock_source_v2,vol_export_FINAL_v2.csv
Bon Secours Mercy,Bon Secours Mercy Health,Richmond,MSK,Virginia Demo Market,Q3/2019,1241,All Payer,mock_source_v2,vol_export_final.csv
PRIVIA HEALTH GROUP,Privia Health Group,Northern Virginia,cardiology,Virginia Demo Market,Apr-Jun 2019,380,All Payer,mock_source_v2,provider_volume_2019_2023.csv
Luminis Health,Luminis Health,Maryland,CARDIOLOGY,Virginia Demo Market,2020 Q3,475,All Payer,mock_source_v2,provider_volume_2019_2023.csv
UVA Health,UVA Health,Charlottesville,Gastroenterology,Virginia Demo Market,2019 Q1,469,Medicaid,mock_source_v2,provider_volume_2019_2023.csv
vcu,VCU Health System,Richmond,Womens Health,Virginia Demo Market,2023-Q3,888,All Payer,mock_source_v2,vol_export_FINAL_v2.csv
MEDSTAR HEALTH,MedStar Health,DC Metro,orthopaedics,Virginia Demo Market,Q1 2020,953,All Payer,mock_source_v2,vol_export_final.csv
Inova,Inova Health System,Northern Virginia,NEUROLOGY,Virginia Demo Market,Q4 2021,1139,All Payer,mock_source_v2,vol_export_final.csv
inova loudoun,Inova Health System,Northern Virginia,Ob-Gyn,Virginia Demo Market,2021-Q4,839,,mock_source_v2,vol_export_FINAL_v2.csv
PRIVIA HEALTH GROUP,Privia Health Group,Northern Virginia,Womens Health,Virginia Demo Market,Apr-Jun 2019,522.0,Unknown,mock_source_v2,vol_export_final.csv
UVA Health,UVA Health,Charlottesville,womens hlth,Virginia Demo Market,Q2/2020,429,All Payer,mock_source_v2,vol_export_FINAL_v2.csv
bon secours,Bon Secours Mercy Health,Richmond,Gastro,Virginia Demo Market,Jul-Sep 2019,464,Unknown,mock_source_v2,vol_export_final.csv
LUMINIS HEALTH,Luminis Health,Maryland,EMERGENCY,Virginia Demo Market,2020 Q1,974,Medicaid,mock_source_v2,provider_volume_2019_2023.csv
Inova Health,Inova Health System,Northern Virginia,OB/GYN,Virginia Demo Market,Q1/2023,1858,,mock_source_v2,vol_export_FINAL_v2.csv
VCU Medical Center,VCU Health System,Richmond,cardiology,Virginia Demo Market,Q3 2020,780,,mock_source_v2,vol_export_final.csv
sentara hlth,Sentara Healthcare,Hampton Roads,GI,Virginia Demo Market,Q1/2021,668,All Payer,mock_source_v2,vol_export_FINAL_v2.csv
NOVANT HEALTH,Novant Health,Northern Virginia,onc.,Virginia Demo Market,Q3 2021,321,Medicaid,mock_source_v2,vol_export_final.csv
Carilion Health,Carilion Clinic,Roanoke,womens hlth,Virginia Demo Market,2020 Q4,630,Medicaid,mock_source_v2,vol_export_FINAL_v2.csv
Inova,Inova Health System,Northern Virginia,ORTHOPEDICS,Virginia Demo Market,2022 Q4,2155,All Payer,mock_source_v2,provider_volume_2019_2023.csv
Virginia Commonwealth,,Richmond,Neurological Svcs,Virginia Demo Market,Q1/2022,1674,Unknown,mock_source_v2,vol_export_final.csv
Sentara,Sentara Healthcare,Hampton Roads,emergency services,Virginia Demo Market,Q1/2019,2341,Medicare,mock_source_v2,vol_export_final.csv
Loudoun Hospital,Inova Health System,Northern Virginia,CARDIOLOGY,National,Q4 2021,677,Medicare,mock_source_v2,provider_volume_2019_2023.csv
inova,Inova Health System,Northern Virginia,Heart Services,Virginia Demo Market,Apr-Jun 2022,2346,Commercial,mock_source_v2,vol_export_final.csv
MedStar,MedStar Health,DC Metro,Gastroenterology,Virginia Demo Market,Jul-Sep 2022,674,Unknown,mock_source_v2,vol_export_final.csv
MedStar Health,MedStar Health,DC Metro,women's health,Virginia Demo Market,Q4 2020,954,All Payer,mock_source_v2,vol_export_FINAL_v2.csv
INOVA LOUDOUN,Inova Health System,Northern Virginia,EMERGENCY,Virginia Demo Market,2020 Q4,875 cases,Commercial,mock_source_v2,provider_volume_2019_2023.csv
Inova Loudoun Hospital,Inova Health System,Northern Virginia,Gastro,Virginia Demo Market,Q2 2019,262.0,Commercial,mock_source_v2,vol_export_FINAL_v2.csv
LUMINIS HEALTH,Luminis Health,Maryland,onc.,Virginia Demo Market,2023 Q1,431,Medicare,mock_source_v2,provider_volume_2019_2023.csv
sentara hlth,Sentara Healthcare,Hampton Roads,Mental Health,Virginia Demo Market,Q2 2021,423,Unknown,mock_source_v2,vol_export_FINAL_v2.csv
Loudoun Hospital,Inova Health System,Northern Virginia,Cancer Services,Virginia Demo Market,2019 Q2,298,Medicare,mock_source_v2,provider_volume_2019_2023.csv
PRIVIA,Privia Health Group,Northern Virginia,ORTHOPEDICS,Virginia Demo Market,Q3 2019,405,Medicaid,mock_source_v2,provider_volume_2019_2023.csv
U.V.A. Health,UVA Health,Charlottesville,ED,Virginia Demo Market,2019-Q4,1407,Medicare,mock_source_v2,provider_volume_2019_2023.csv
Loudoun Hospital,Inova Health System,Northern Virginia,Emergency Services,Virginia Demo Market,2020 Q1,929,All Payer,mock_source_v2,vol_export_FINAL_v2.csv
privia health,Privia Health Group,Northern Virginia,Ob-Gyn,Virginia Demo Market,Q3 2022,646,All Payer,mock_source_v2,vol_export_FINAL_v2.csv
HCA,HCA Healthcare,Richmond,GASTROENTEROLOGY,Virginia Demo Market,2023 Q1,559,Medicare,mock_source_v2,vol_export_final.csv
Inova Health,Inova Health System,Northern Virginia,Gastro,Virginia Demo Market,2022-Q1,866,All Payer,mock_source_v2,vol_export_FINAL_v2.csv
HCA Virginia,HCA Healthcare,Richmond,Neurological Svcs,Virginia Demo Market,Q2-2020,218,Medicare,mock_source_v2,provider_volume_2019_2023.csv
MEDSTAR,MedStar Health,DC Metro,Oncology,Virginia Demo Market,2019-Q4,934,All Payer,mock_source_v2,vol_export_FINAL_v2.csv
Bon Secours Mercy,Bon Secours Mercy Health,Richmond,Ob-Gyn,Virginia Demo Market,2019-Q2,1311 cases,Unknown,mock_source_v2,vol_export_FINAL_v2.csv
Privia Health,Privia Health Group,Northern Virginia,ONCOLOGY,Virginia Demo Market,Q1/2019,147,,mock_source_v2,vol_export_final.csv
LUMINIS HEALTH,Luminis Health,Maryland,Psychiatry,Virginia Demo Market,Q3-2020,171,Medicare,mock_source_v2,provider_volume_2019_2023.csv
privia health,Privia Health Group,Northern Virginia,Cardiology,Virginia Demo Market,2020-Q2,183,All Payer,mock_source_v2,vol_export_FINAL_v2.csv
Bon Secours Mercy,Bon Secours Mercy Health,Richmond,GASTROENTEROLOGY,Virginia Demo Market,Oct-Dec 2020,389,All Payer,mock_source_v2,vol_export_FINAL_v2.csv
Bon Secours Health,Bon Secours Mercy Health,Richmond,Behavioral Health,Virginia Demo Market,Q2 2022,218,Unknown,mock_source_v2,provider_volume_2019_2023.csv
BON SECOURS,Bon Secours Mercy Health,Richmond,orthopaedics,Virginia Demo Market,Q4 2019,1021,Medicare,mock_source_v2,vol_export_final.csv
INOVA LOUDOUN,Inova Health System,Northern Virginia,ortho,Virginia Demo Market,Q2-2019,753,Medicare,mock_source_v2,vol_export_final.csv
NOVANT HEALTH,Novant Health,Northern Virginia,Psychiatry,Virginia Demo Market,2021 Q1,217,All Payer,mock_source_v2,vol_export_final.csv
MEDSTAR,MedStar Health,DC Metro,behavioral health,Virginia Demo Market,2021-Q3,569,Medicare,mock_source_v2,vol_export_final.csv
MedStar Health,MedStar Health,DC Metro,ortho,Virginia Demo Market,2021 Q2,1231,Commercial,mock_source_v2,provider_volume_2019_2023.csv
Novant,Novant Health,Northern Virginia,Neurology,Virginia Demo Market,2021 Q3,370,Medicare,mock_source_v2,vol_export_final.csv
Privia Health,Privia Health Group,Northern Virginia,ortho,Virginia Demo Market,2021 Q1,365,,mock_source_v2,provider_volume_2019_2023.csv
Inova Loudoun,Inova Health System,Northern Virginia,E.D.,Virginia Demo Market,Q1/2019,971,All Payer,mock_source_v2,vol_export_final.csv
Luminis Hlth,Luminis Health,Maryland,G.I.,Virginia Demo Market,2020-Q1,266,Medicare,mock_source_v2,vol_export_FINAL_v2.csv
MEDSTAR,MedStar Health,DC Metro,orthopaedics,Virginia Demo Market,Jul-Sep 2019,"1,215",Medicare,mock_source_v2,provider_volume_2019_2023.csv
LUMINIS HEALTH,Luminis Health,Maryland,Oncology,Virginia Demo Market,Q2-2023,421,All Payer,mock_source_v2,vol_export_final.csv
inova health,Inova Health System,Northern Virginia,ONCOLOGY,Virginia Demo Market,Q4/2021,1381,Medicare,mock_source_v2,vol_export_final.csv
Inova Fairfax,Inova Health System,Northern Virginia,EMERGENCY,Virginia Demo Market,Q4/2022,3757,Unknown,mock_source_v2,vol_export_final.csv
hca hlth va,HCA Healthcare,Richmond,Cancer Services,Virginia Demo Market,Q3/2022,493,Medicare,mock_source_v2,vol_export_final.csv
NOVANT HEALTH,Novant Health,Northern Virginia,Neuro,Virginia Demo Market,Q1/2023,410,All Payer,mock_source_v2,provider_volume_2019_2023.csv
luminis health,Luminis Health,Maryland,cancer,Virginia Demo Market,Q2 2022,397,All Payer,mock_source_v2,provider_volume_2019_2023.csv
LUMINIS,Luminis Health,Maryland,ortho,Virginia Demo Market,2023 Q1,582,All Payer,mock_source_v2,vol_export_FINAL_v2.csv
Luminis Hlth,Luminis Health,Maryland,GI Services,Virginia Demo Market,Oct-Dec 2021,312,Medicare,mock_source_v2,provider_volume_2019_2023.csv
inova health,Inova Health System,Northern Virginia,Cardiac,Virginia Demo Market,2019 Q1,2321,Medicare,mock_source_v2,vol_export_FINAL_v2.csv
CARILION,Carilion Clinic,Roanoke,ED,Virginia Demo Market,Q1-2021,1267,Commercial,mock_source_v2,vol_export_FINAL_v2.csv
hca virginia,HCA Healthcare,Richmond,Cardiology,Virginia Demo Market,Q4 2021,1233,All Payer,mock_source_v2,vol_export_FINAL_v2.csv
MEDSTAR HEALTH,MedStar Health,DC Metro,gi services,Virginia Demo Market,Q2-2020,280,All Payer,mock_source_v2,vol_export_final.csv
UVA,UVA Health,Charlottesville,Women's Health,Virginia Demo Market,Q2/2019,951,Commercial,mock_source_v2,vol_export_FINAL_v2.csv
VCU Medical Center,VCU Health System,Richmond,cancer,Virginia Demo Market,Jul-Sep 2023,3507,All Payer,mock_source_v2,vol_export_FINAL_v2.csv
VCU HEALTH,VCU Health System,Richmond,NEUROLOGY,Virginia Demo Market,Oct-Dec 2019,1447,All Payer,mock_source_v2,vol_export_final.csv
CARILION CLINIC,Carilion Clinic,Roanoke,Oncology Services,Virginia Demo Market,2023-Q1,614,All Payer,mock_source_v2,vol_export_FINAL_v2.csv
MEDSTAR,MedStar Health,DC Metro,EMERGENCY,Virginia Demo Market,Q1-2019,1964,All Payer,mock_source_v2,vol_export_final.csv
,,,,,,,,,
Luminis,,Maryland,NEURO,Virginia Demo Market,Oct-Dec 2019,357,All Payer,mock_source_v2,vol_export_final.csv
Carilion Clinic,Carilion Clinic,Roanoke,Psychiatry,Virginia Demo Market,Oct-Dec 2022,386,All Payer,mock_source_v2,vol_export_FINAL_v2.csv
MEDSTAR HEALTH,MedStar Health,DC Metro,Psychiatry,Virginia Demo Market,2019-Q2,501,Unknown,mock_source_v2,vol_export_FINAL_v2.csv
Bon Secours,Bon Secours Mercy Health,Richmond,ED,Virginia Demo Market,Jul-Sep 2019,1366,All Payer,mock_source_v2,provider_volume_2019_2023.csv
HCA VIRGINIA,HCA Healthcare,Richmond,ortho,Virginia Demo Market,2021 Q3,1466,Medicaid,mock_source_v2,vol_export_FINAL_v2.csv
UVA Healthcare,UVA Health,Charlottesville,Orthopedics,Virginia Demo Market,2020 Q1,738,Commercial,mock_source_v2,vol_export_FINAL_v2.csv
hca virginia,HCA Healthcare,Richmond,gi services,Virginia Demo Market,Q4 2022,554,All Payer,mock_source_v2,vol_export_FINAL_v2.csv
NovantHlth,,Northern Virginia,Cancer Services,Virginia Demo Market,Q2 2021,304,Unknown,mock_source_v2,vol_export_FINAL_v2.csv
bon secours,Bon Secours Mercy Health,Richmond,onc.,Virginia Demo Market,Q3/2020,321,,mock_source_v2,vol_export_final.csv
LUMINIS HEALTH,Luminis Health,Maryland,Heart Services,Virginia Demo Market,Q4-2022,745,All Payer,mock_source_v2,vol_export_final.csv
NovantHlth,Novant Health,Northern Virginia,Psychiatry,Virginia Demo Market,2020 Q1,197,,mock_source_v2,provider_volume_2019_2023.csv
sentara,Sentara Healthcare,Hampton Roads,ORTHO,Virginia Demo Market,Apr-Jun 2021,1557,,mock_source_v2,vol_export_FINAL_v2.csv
SENTARA HEALTH,Sentara Healthcare,Hampton Roads,E.D.,Virginia Demo Market,Q1/2022,2642,Medicare,mock_source_v2,vol_export_FINAL_v2.csv
hca virginia,HCA Healthcare,Richmond,WOMENS HEALTH,Virginia Demo Market,Q4 2020,867,All Payer,mock_source_v2,provider_volume_2019_2023.csv
NOVANT HEALTH,Novant Health,Northern Virginia,orthopaedics,Virginia Demo Market,Q2/2023,1000.0,,mock_source_v2,provider_volume_2019_2023.csv
hca hlth va,HCA Healthcare,Richmond,ER Services,Virginia Demo Market,Q1 2021,2428,Medicaid,mock_source_v2,vol_export_FINAL_v2.csv
Bon Secours Health,Bon Secours Mercy Health,Richmond,BEHAVIORAL HEALTH,Virginia Demo Market,Q1/2023,226,,mock_source_v2,vol_export_final.csv
privia health,Privia Health Group,Northern Virginia,gi services,Virginia Demo Market,Q1/2019,239,All Payer,mock_source_v2,vol_export_FINAL_v2.csv
sentara hlth,Sentara Healthcare,Hampton Roads,Neurology,Virginia Demo Market,Q2/2021,804,Commercial,mock_source_v2,provider_volume_2019_2023.csv
Inova Fairfax,Inova Health System,Northern Virginia,ED,Virginia Demo Market,Q3/2021,3233,Unknown,mock_source_v2,provider_volume_2019_2023.csv
vcu health,VCU Health System,Richmond,neurology,Virginia Demo Market,2020-Q2,638,Medicare,mock_source_v2,vol_export_final.csv
hca virginia,HCA Healthcare,Richmond,Neuro,Virginia Demo Market,2021 Q3,508,Commercial,mock_source_v2,vol_export_final.csv
U.V.A. Health,UVA Health,Charlottesville,ortho,Virginia Demo Market,Q2 2019,948,Medicare,mock_source_v2,vol_export_final.csv
Inova Health,Inova Health System,Northern Virginia,cardiology,Virginia Demo Market,Q2 2020,,Commercial,mock_source_v2,provider_volume_2019_2023.csv
luminis health,Luminis Health,Maryland,Oncology Services,Virginia Demo Market,Q3/2023,403,All Payer,mock_source_v2,provider_volume_2019_2023.csv
hca virginia,HCA Healthcare,Richmond,orthopaedics,Virginia Demo Market,2020 Q4,1102,Medicare,mock_source_v2,vol_export_final.csv
MEDSTAR HEALTH,,DC Metro,E.D.,Virginia Demo Market,2020 Q4,1780,All Payer,mock_source_v2,provider_volume_2019_2023.csv
Carilion Clinic,Carilion Clinic,Roanoke,E.D.,Virginia Demo Market,Apr-Jun 2019,1012,Medicare,mock_source_v2,vol_export_final.csv
NOVANT HEALTH,Novant Health,Northern Virginia,women's health,Virginia Demo Market,2022-Q1,n/a,Medicare,mock_source_v2,provider_volume_2019_2023.csv
SENTARA HEALTH,Sentara Healthcare,Hampton Roads,behavioral health,Virginia Demo Market,Q3-2019,411,All Payer,mock_source_v2,provider_volume_2019_2023.csv
PRIVIA,Privia Health Group,Northern Virginia,Heart Services,Virginia Demo Market,Q4 2022,578,,mock_source_v2,vol_export_final.csv
Inova Loudoun,Inova Health System,Northern Virginia,Ob-Gyn,Virginia Demo Market,Q1/2019,755,Medicare,mock_source_v2,provider_volume_2019_2023.csv
hca hlth va,HCA Healthcare,Richmond,G.I.,Virginia Demo Market,Q1 2022,547,All Payer,mock_source_v2,vol_export_FINAL_v2.csv
hca virginia,HCA Healthcare,Richmond,women's health,Virginia Demo Market,Q3/2021,1032,All Payer,mock_source_v2,vol_export_final.csv
Novant,Novant Health,Northern Virginia,Neuro,Virginia Demo Market,2022 Q1,384,Medicare,mock_source_v2,vol_export_final.csv
hca virginia,HCA Healthcare,Richmond,NEURO,Virginia Demo Market,2020-Q3,377,All Payer,mock_source_v2,provider_volume_2019_2023.csv
novant health,Novant Health,Northern Virginia,Mental Health,Virginia Demo Market,2019-Q2,210,Unknown,mock_source_v2,provider_volume_2019_2023.csv
LUMINIS,Luminis Health,Maryland,oncology,Virginia Demo Market,Q1/2021,417,All Payer,mock_source_v2,provider_volume_2019_2023.csv
Novant,Novant Health,Northern Virginia,ORTHOPEDICS,Virginia Demo Market,Q1/2022,822,All Payer,mock_source_v2,vol_export_final.csv
U.V.A. Health,UVA Health,Charlottesville,Cardiac,Virginia Demo Market,Q4 2022,1095,All Payer,mock_source_v2,provider_volume_2019_2023.csv
InOva,,Northern Virginia,ONC,Virginia Demo Market,2023 Q2,1497.0,All Payer,mock_source_v2,vol_export_final.csv
LUMINIS HEALTH,Luminis Health,Maryland,MSK,Virginia Demo Market,2021-Q4,580,All Payer,mock_source_v2,vol_export_FINAL_v2.csv
novant health,Novant Health,Northern Virginia,GASTROENTEROLOGY,Virginia Demo Market,2019-Q2,316,All Payer,mock_source_v2,provider_volume_2019_2023.csv
NovantHlth,,Northern Virginia,Musculoskeletal,Virginia Demo Market,2023-Q3,994,All Payer,mock_source_v2,vol_export_final.csv
LUMINIS HEALTH,Luminis Health,Maryland,Behavioral Health,Virginia Demo Market,Q2-2021,226,Commercial,mock_source_v2,vol_export_FINAL_v2.csv
Novant Health,,Northern Virginia,Gastroenterology,Virginia Demo Market,Jan-Mar 2021,307,Medicaid,mock_source_v2,provider_volume_2019_2023.csv
Inova Loudoun,Inova Health System,Northern Virginia,OB/GYN,,Jan-Mar 2020,729,Medicare,mock_source_v2,vol_export_final.csv
Bon Secours Health,Bon Secours Mercy Health,Richmond,neurology,Virginia Demo Market,Oct-Dec 2019,411,All Payer,mock_source_v2,vol_export_FINAL_v2.csv
VCU HEALTH,VCU Health System,Richmond,Heart Services,Virginia Demo Market,Q3 2022,"1,027",Commercial,mock_source_v2,vol_export_FINAL_v2.csv
CARILION CLINIC,Carilion Clinic,Roanoke,oncology,Virginia Demo Market,2023-Q4,661,Unknown,mock_source_v2,vol_export_final.csv
Privia Health,Privia Health Group,Northern Virginia,Neurological Svcs,Virginia Demo Market,2023-Q3,274,Unknown,mock_source_v2,vol_export_FINAL_v2.csv
CARILION CLINIC,Carilion Clinic,Roanoke,NEURO,Virginia Demo Market,2022-Q4,773,All Payer,mock_source_v2,provider_volume_2019_2023.csv
NOVANT,Novant Health,Northern Virginia,OB/GYN,Virginia Demo Market,Q4-2023,791,Medicaid,mock_source_v2,provider_volume_2019_2023.csv
Med Star,MedStar Health,DC Metro,Women's Health,Unknown,Q1-2022,1156,Commercial,mock_source_v2,provider_volume_2019_2023.csv
Inova Loudoun Hospital,Inova Health System,Northern Virginia,Oncology Services,,Jan-Mar 2019,306,,mock_source_v2,vol_export_final.csv
Bon Secours Mercy,Bon Secours Mercy Health,Richmond,Orthopedics,Virginia Demo Market,Q1 2022,1045,Commercial,mock_source_v2,vol_export_FINAL_v2.csv
Inova Fairfax,Inova Health System,Northern Virginia,OB/GYN,Virginia Demo Market,Oct-Dec 2021,1811,All Payer,mock_source_v2,vol_export_FINAL_v2.csv
carilion clinic,Carilion Clinic,Roanoke,CARDIOLOGY,Virginia Demo Market,Q1-2022,890,Medicare,mock_source_v2,provider_volume_2019_2023.csv
inova,Inova Health System,Northern Virginia,Women,Virginia Demo Market,2022-Q3,1938.0,Medicare,mock_source_v2,vol_export_final.csv
Sentara,Sentara Healthcare,Hampton Roads,Psych,Virginia Demo Market,Apr-Jun 2020,182,All Payer,mock_source_v2,provider_volume_2019_2023.csv
INOVA Loudoun,Inova Health System,Northern Virginia,Women,Virginia Demo Market,Q4 2022,818,Medicare,mock_source_v2,vol_export_final.csv
HCA Virginia,HCA Healthcare,Richmond,onc.,Virginia Demo Market,Q3 2020,380,All Payer,mock_source_v2,vol_export_final.csv
Novant,Novant Health,Northern Virginia,ER Services,Virginia Demo Market,Q3/2020,,Unknown,mock_source_v2,vol_export_final.csv
Sentara Healthcare,Sentara Healthcare,Hampton Roads,Orthopedics,Virginia Demo Market,Q3 2020,1147,Commercial,mock_source_v2,provider_volume_2019_2023.csv
MedStar,MedStar Health,DC Metro,G.I.,Virginia Demo Market,Q1-2019,590,Commercial,mock_source_v2,provider_volume_2019_2023.csv
LUMINIS HEALTH,Luminis Health,Maryland,MSK,Virginia Demo Market,2019 Q4,567,All Payer,mock_source_v2,provider_volume_2019_2023.csv
INOVA LOUDOUN,Inova Health System,Northern Virginia,women's health,Virginia Demo Market,Q2-2019,808,Medicare,mock_source_v2,vol_export_final.csv
INOVA,Inova Health System,Northern Virginia,oncology,Virginia Demo Market,2019 Q2,1404,Unknown,mock_source_v2,provider_volume_2019_2023.csv
VCU,VCU Health System,Richmond,ONCOLOGY,Virginia Demo Market,Q2 2019,2899,,mock_source_v2,vol_export_final.csv
Sentara Health,,Hampton Roads,Oncology Services,Virginia Demo Market,2019-Q3,886,All Payer,mock_source_v2,vol_export_final.csv
Sentara Healthcare,Sentara Healthcare,Hampton Roads,Neurological Svcs,Virginia Demo Market,2023-Q2,830,Medicaid,mock_source_v2,vol_export_FINAL_v2.csv
Bon Secours Health,Bon Secours Mercy Health,Richmond,GASTROENTEROLOGY,Virginia Demo Market,Apr-Jun 2023,511,Medicaid,mock_source_v2,vol_export_FINAL_v2.csv
UNIVERSITY OF VIRGINIA HEALTH,UVA Health,Charlottesville,MSK,Virginia Demo Market,Q3 2022,986,Medicaid,mock_source_v2,provider_volume_2019_2023.csv
Virginia Commonwealth,VCU Health System,Richmond,WOMENS HEALTH,Virginia Demo Market,2019-Q2,862,All Payer,mock_source_v2,vol_export_final.csv
INOVA LOUDOUN,Inova Health System,Northern Virginia,Emerg Svcs,Virginia Demo Market,Q2-2020,402,Medicare,mock_source_v2,vol_export_final.csv
InOva,Inova Health System,Northern Virginia,Ob-Gyn,Virginia Demo Market,Q2-2022,1914,Commercial,mock_source_v2,vol_export_final.csv
Novant,Novant Health,Northern Virginia,GASTROENTEROLOGY,Virginia Demo Market,2020-Q2,143,All Payer,mock_source_v2,vol_export_FINAL_v2.csv
CARILION CLINIC,Carilion Clinic,Roanoke,BEHAVIORAL HEALTH,Virginia Demo Market,Q3 2022,379,Medicare,mock_source_v2,vol_export_final.csv
VCU HEALTH,VCU Health System,Richmond,Neuro,Virginia Demo Market,2021-Q2,1487,All Payer,mock_source_v2,vol_export_final.csv
inova health,Inova Health System,Northern Virginia,Psychiatry,Virginia Demo Market,Q4 2020,569,Unknown,mock_source_v2,provider_volume_2019_2023.csv
Privia,Privia Health Group,Northern Virginia,G.I.,Virginia Demo Market,2021 Q1,272,All Payer,mock_source_v2,provider_volume_2019_2023.csv
HCA,HCA Healthcare,Richmond,Gastro,Virginia Demo Market,Q3/2019,557,All Payer,mock_source_v2,provider_volume_2019_2023.csv
Inova Loudoun Hospital,Inova Health System,Northern Virginia,BH,Virginia Demo Market,Q3-2023,192,Medicare,mock_source_v2,vol_export_final.csv
Carilion Clinic,Carilion Clinic,Roanoke,gastro,Virginia Demo Market,Q4/2021,399,All Payer,mock_source_v2,provider_volume_2019_2023.csv
NovantHlth,Novant Health,Northern Virginia,ER Services,Virginia Demo Market,2023 Q4,1025,All Payer,mock_source_v2,vol_export_final.csv
VCU Health,VCU Health System,Richmond,cardiac services,Virginia Demo Market,2022-Q2,1097,,mock_source_v2,vol_export_final.csv
MedStar Health,MedStar Health,DC Metro,cardiac services,Virginia Demo Market,Jan-Mar 2022,1548,,mock_source_v2,vol_export_FINAL_v2.csv
SENTARA,Sentara Healthcare,Hampton Roads,cancer,Virginia Demo Market,Q4-2022,890,Medicare,mock_source_v2,vol_export_FINAL_v2.csv
inova health,Inova Health System,Northern Virginia,cancer,Virginia Demo Market,Jan-Mar 2022,1439,All Payer,mock_source_v2,provider_volume_2019_2023.csv
Inova Loudoun Hospital,Inova Health System,Northern Virginia,cardiology,Virginia Demo Market,Jan-Mar 2019,634,All Payer,mock_source_v2,vol_export_FINAL_v2.csv
sentara,Sentara Healthcare,Hampton Roads,Musculoskeletal,Virginia Demo Market,2023-Q3,1811 cases,,mock_source_v2,vol_export_FINAL_v2.csv
Virginia Commonwealth,VCU Health System,Richmond,womens hlth,Virginia Demo Market,Q2/2021,846,All Payer,mock_source_v2,vol_export_final.csv
Inova Health,Inova Health System,Northern Virginia,card.,Virginia Demo Market,Q3/2019,2022,,mock_source_v2,vol_export_FINAL_v2.csv
BON SECOURS,Bon Secours Mercy Health,Richmond,cancer,Virginia Demo Market,Jul-Sep 2023,419,Commercial,mock_source_v2,provider_volume_2019_2023.csv
vcu,VCU Health System,Richmond,orthopaedics,Virginia Demo Market,Q4 2023,973,All Payer,mock_source_v2,vol_export_final.csv
CARILION,Carilion Clinic,Roanoke,CARDIOLOGY,Virginia Demo Market,2019 Q2,791,All Payer,mock_source_v2,provider_volume_2019_2023.csv
UVA Healthcare,UVA Health,Charlottesville,GI,Virginia Demo Market,2022-Q3,,Medicaid,mock_source_v2,vol_export_FINAL_v2.csv
carilion clinic,,Roanoke,Neuro,Virginia Demo Market,2021 Q3,735.0,,mock_source_v2,vol_export_final.csv
VCU HEALTH,VCU Health System,Richmond,Emergency,Virginia Demo Market,Jan-Mar 2020,1642,Unknown,mock_source_v2,provider_volume_2019_2023.csv
inova health,Inova Health System,Northern Virginia,ED,Virginia Demo Market,2019-Q3,3125,Medicare,mock_source_v2,vol_export_FINAL_v2.csv
privia health,Privia Health Group,Northern Virginia,Gastro,Virginia Demo Market,2021 Q4,307,Medicare,mock_source_v2,vol_export_FINAL_v2.csv
UVA Health,UVA Health,Charlottesville,Womens Health,Virginia Demo Market,Oct-Dec 2022,896,All Payer,mock_source_v2,provider_volume_2019_2023.csv
INOVA Loudoun,Inova Health System,Northern Virginia,Gastro,Virginia Demo Market,2022 Q4,261,All Payer,mock_source_v2,provider_volume_2019_2023.csv
UVA Health,UVA Health,Charlottesville,MSK,Virginia Demo Market,Jul-Sep 2021,977,All Payer,mock_source_v2,vol_export_FINAL_v2.csv
UNIVERSITY OF VIRGINIA HEALTH,UVA Health,Charlottesville,gi services,Virginia Demo Market,2021 Q3,549,All Payer,mock_source_v2,provider_volume_2019_2023.csv
BON SECOURS,Bon Secours Mercy Health,Richmond,neuro services,Virginia Demo Market,Q2-2021,392,Medicaid,mock_source_v2,vol_export_FINAL_v2.csv
Luminis,Luminis Health,Maryland,Cardiology,Virginia Demo Market,Q3 2022,638,,mock_source_v2,provider_volume_2019_2023.csv
Carilion Health,Carilion Clinic,Roanoke,cancer,Virginia Demo Market,Jan-Mar 2022,609,Medicare,mock_source_v2,vol_export_FINAL_v2.csv
BON SECOURS,Bon Secours Mercy Health,Richmond,Cancer Services,Virginia Demo Market,2020 Q2,186,All Payer,mock_source_v2,provider_volume_2019_2023.csv
Carilion Health,Carilion Clinic,Roanoke,behav hlth,Virginia Demo Market,2020-Q1,350,Medicare,mock_source_v2,provider_volume_2019_2023.csv
Inova Loudoun Hospital,Inova Health System,Northern Virginia,womens hlth,Virginia Demo Market,Q2/2022,,,mock_source_v2,vol_export_FINAL_v2.csv
HCA Virginia,,Richmond,ER Services,Virginia Demo Market,Q3 2020,1589,Medicaid,mock_source_v2,provider_volume_2019_2023.csv
uva health,UVA Health,Charlottesville,Womens Health,Virginia Demo Market,Jan-Mar 2022,879,All Payer,mock_source_v2,vol_export_final.csv
Privia Hlth,Privia Health Group,Northern Virginia,card.,Virginia Demo Market,Q1/2021,502,All Payer,mock_source_v2,vol_export_final.csv
Inova Loudoun,Inova Health System,Northern Virginia,Psychiatry,Virginia Demo Market,Q1 2020,154,Medicare,mock_source_v2,vol_export_final.csv
vcu health,VCU Health System,Richmond,Neurological Svcs,Virginia Demo Market,Q2/2023,1616,Medicare,mock_source_v2,vol_export_final.csv
Inova Loudoun Hospital,Inova Health System,Northern Virginia,Behavioral Health,Virginia Demo Market,2021 Q2,172,Unknown,mock_source_v2,vol_export_FINAL_v2.csv
PRIVIA,Privia Health Group,Northern Virginia,Oncology Services,Virginia Demo Market,Q4/2021,166,All Payer,mock_source_v2,vol_export_FINAL_v2.csv
BON SECOURS,,Richmond,Ob-Gyn,Virginia Demo Market,Jul-Sep 2022,1372,All Payer,mock_source_v2,provider_volume_2019_2023.csv
PRIVIA,Privia Health Group,Northern Virginia,CARD,Virginia Demo Market,Q3-2022,480,Commercial,mock_source_v2,vol_export_FINAL_v2.csv
HCA,HCA Healthcare,Richmond,ONC,Virginia Demo Market,Apr-Jun 2019,502 cases,Commercial,mock_source_v2,vol_export_FINAL_v2.csv
privia health,Privia Health Group,Northern Virginia,Psychiatry,Virginia Demo Market,Apr-Jun 2023,431,All Payer,mock_source_v2,provider_volume_2019_2023.csv
VCU HEALTH,VCU Health System,Richmond,Emergency Services,Virginia Demo Market,Q4-2019,1745,Commercial,mock_source_v2,vol_export_FINAL_v2.csv
Bon Secours Mercy,Bon Secours Mercy Health,Richmond,Ob-Gyn,Virginia Demo Market,Q3 2020,1076,All Payer,mock_source_v2,vol_export_final.csv
Sentara Health,,Hampton Roads,Gastro,TBD,2020 Q3,593,Unknown,mock_source_v2,vol_export_FINAL_v2.csv
V.C.U. Health,VCU Health System,Richmond,E.D.,Virginia Demo Market,2020-Q2,708,All Payer,mock_source_v2,vol_export_final.csv
MEDSTAR,MedStar Health,DC Metro,ORTHOPEDICS,Virginia Demo Market,2020 Q4,928,All Payer,mock_source_v2,vol_export_final.csv
NOVANT,Novant Health,Northern Virginia,Psychiatry,Virginia Demo Market,Jul-Sep 2022,240,All Payer,mock_source_v2,provider_volume_2019_2023.csv
PRIVIA,Privia Health Group,Northern Virginia,Gastro,Virginia Demo Market,Q4-2023,336,Unknown,mock_source_v2,provider_volume_2019_2023.csv
privia health,Privia Health Group,Northern Virginia,BEHAVIORAL HEALTH,Virginia Demo Market,Q1/2023,432,Unknown,mock_source_v2,vol_export_final.csv
SENTARA HEALTH,Sentara Healthcare,Hampton Roads,Neuro,Virginia Demo Market,2023 Q4,861,Medicare,mock_source_v2,provider_volume_2019_2023.csv
VCU Medical Center,VCU Health System,Richmond,Oncology,Virginia Demo Market,2023-Q2,3463,All Payer,mock_source_v2,vol_export_FINAL_v2.csv
Novant Health,TBD,Northern Virginia,Womens Health,Virginia Demo Market,2020-Q2,343,All Payer,mock_source_v2,vol_export_final.csv
Bon Secours Mercy,,Richmond,card.,Virginia Demo Market,2023-Q1,991,All Payer,mock_source_v2,vol_export_FINAL_v2.csv
Novant,Novant Health,Northern Virginia,Neuro,Virginia Demo Market,2022 Q1,384,Medicare,mock_source_v2,vol_export_final.csv
Bon Secours Mercy,Bon Secours Mercy Health,Richmond,Emerg Svcs,Virginia Demo Market,Q2/2020,593,All Payer,mock_source_v2,vol_export_final.csv
PRIVIA,Privia Health Group,Northern Virginia,NEURO,Virginia Demo Market,Q2 2020,98,All Payer,mock_source_v2,vol_export_final.csv
sentara hlth,Sentara Healthcare,Hampton Roads,behavioral health,Virginia Demo Market,2023-Q3,472,,mock_source_v2,vol_export_final.csv
luminis health,Luminis Health,Maryland,women's health,Virginia Demo Market,Q3 2022,770,Medicaid,mock_source_v2,vol_export_final.csv
MEDSTAR HEALTH,MedStar Health,DC Metro,behavioral health,Virginia Demo Market,Jul-Sep 2022,599,Medicaid,mock_source_v2,vol_export_FINAL_v2.csv
Novant Health,Novant Health,Northern Virginia,Gastro,Virginia Demo Market,Q1/2022,305.0,Unknown,mock_source_v2,vol_export_final.csv
VCU Health,VCU Health System,Richmond,ED,Virginia Demo Market,Q2/2021,1613,Medicare,mock_source_v2,vol_export_final.csv
bon secours,Bon Secours Mercy Health,Richmond,ortho,Virginia Demo Market,Jan-Mar 2019,998,Unknown,mock_source_v2,provider_volume_2019_2023.csv
INOVA HEALTH SYSTEM,Inova Health System,Northern Virginia,CARD,Virginia Demo Market,Q3-2022,2135,Medicare,mock_source_v2,vol_export_final.csv
MedStar,MedStar Health,DC Metro,Gastro,Virginia Demo Market,Q3/2023,657,Medicare,mock_source_v2,vol_export_final.csv
Carilion Clinic,Carilion Clinic,Roanoke,Musculoskeletal,Virginia Demo Market,Oct-Dec 2021,656,Unknown,mock_source_v2,vol_export_final.csv
LUMINIS HEALTH,Luminis Health,Maryland,Neurological Svcs,Virginia Demo Market,Q4 2022,370,All Payer,mock_source_v2,vol_export_FINAL_v2.csv
HCA,HCA Healthcare,Richmond,EMERGENCY,Virginia Demo Market,Q4-2019,2253,All Payer,mock_source_v2,provider_volume_2019_2023.csv
Med Star,MedStar Health,DC Metro,Neurological Svcs,Virginia Demo Market,Q3/2019,778,Medicare,mock_source_v2,provider_volume_2019_2023.csv
inova loudoun,Inova Health System,Northern Virginia,ED,Virginia Demo Market,Q3 2021,895.0,Commercial,mock_source_v2,provider_volume_2019_2023.csv
NOVANT HEALTH,Novant Health,Northern Virginia,Heart Services,Virginia Demo Market,Q2-2021,701,All Payer,mock_source_v2,provider_volume_2019_2023.csv
Sentara,Sentara Healthcare,Hampton Roads,Behavioral Health,National,Q3 2021,447,,mock_source_v2,vol_export_FINAL_v2.csv
HCA VIRGINIA,HCA Healthcare,Richmond,CARD,Virginia Demo Market,Q3 2023,1126,All Payer,mock_source_v2,vol_export_final.csv
MEDSTAR HEALTH,MedStar Health,DC Metro,NEUROLOGY,Virginia Demo Market,Oct-Dec 2019,833,Commercial,mock_source_v2,vol_export_final.csv
BSMH,Bon Secours Mercy Health,Richmond,MSK,Virginia Demo Market,Q4 2023,1067,All Payer,mock_source_v2,provider_volume_2019_2023.csv
Inova,Inova Health System,Northern Virginia,behav hlth,Virginia Demo Market,Q1/2020,613,Medicare,mock_source_v2,vol_export_FINAL_v2.csv
UNIVERSITY OF VIRGINIA HEALTH,UVA Health,Charlottesville,oncology,Virginia Demo Market,Q2/2023,1411,,mock_source_v2,vol_export_final.csv
Inova,Inova Health System,Northern Virginia,Neuro,Virginia Demo Market,Q2 2020,509,All Payer,mock_source_v2,vol_export_final.csv
Sentara Healthcare,Sentara Healthcare,Hampton Roads,GI,Virginia Demo Market,2020 Q2,331,Unknown,mock_source_v2,vol_export_final.csv
sentara,Sentara Healthcare,Hampton Roads,ER Services,Virginia Demo Market,Q3-2020,1778,Unknown,mock_source_v2,provider_volume_2019_2023.csv
inova loudoun,Inova Health System,Northern Virginia,Neuro,Virginia Demo Market,Q3 2022,314,All Payer,mock_source_v2,vol_export_FINAL_v2.csv
LUMINIS HEALTH,Luminis Health,Maryland,ONC,Virginia Demo Market,Q2/2021,395,Unknown,mock_source_v2,vol_export_final.csv
INOVA HEALTH SYSTEM,Inova Health System,Northern Virginia,Psych,Virginia Demo Market,2023-Q1,742,Commercial,mock_source_v2,vol_export_FINAL_v2.csv
Carilion Health,Carilion Clinic,Roanoke,Women,Virginia Demo Market,Q2-2019,737,Unknown,mock_source_v2,vol_export_FINAL_v2.csv
INOVA Loudoun,Inova Health System,Northern Virginia,ORTHOPEDICS,Virginia Demo Market,Q4 2021,695,All Payer,mock_source_v2,vol_export_FINAL_v2.csv
Inova Health,Inova Health System,Northern Virginia,cardiac services,Virginia Demo Market,Q2/2023,2399,Commercial,mock_source_v2,vol_export_final.csv
inova health,Inova Health System,Northern Virginia,Musculoskeletal,Virginia Demo Market,2019 Q4,2576,Medicare,mock_source_v2,vol_export_final.csv
U.V.A. Health,UVA Health,Charlottesville,GASTROENTEROLOGY,Virginia Demo Market,Q4-2022,516,All Payer,mock_source_v2,vol_export_final.csv
Privia Health,Privia Health Group,Northern Virginia,gastro,Virginia Demo Market,Q2/2022,329,Medicare,mock_source_v2,provider_volume_2019_2023.csv
medstar health,MedStar Health,DC Metro,GI,Virginia Demo Market,2021-Q3,651,All Payer,mock_source_v2,vol_export_FINAL_v2.csv
SENTARA HEALTH,Sentara Healthcare,Hampton Roads,GI,Virginia Demo Market,2021-Q3,769,Commercial,mock_source_v2,vol_export_FINAL_v2.csv
HCA,HCA Healthcare,Richmond,Oncology,Virginia Demo Market,Q2-2021,485,All Payer,mock_source_v2,vol_export_final.csv
PRIVIA,Privia Health Group,Northern Virginia,NEUROLOGY,Virginia Demo Market,2020 Q3,167,Medicaid,mock_source_v2,provider_volume_2019_2023.csv
BSMH,Bon Secours Mercy Health,Richmond,Neuro,Virginia Demo Market,Q2-2019,395,Medicare,mock_source_v2,provider_volume_2019_2023.csv
Novant Health,Novant Health,Northern Virginia,cardiology,Virginia Demo Market,Q3-2019,647,,mock_source_v2,vol_export_final.csv
uva health,UVA Health,Charlottesville,ED,Virginia Demo Market,Q2/2023,1301,Unknown,mock_source_v2,vol_export_final.csv
Luminis,Luminis Health,Maryland,Emergency Services,Virginia Demo Market,Apr-Jun 2023,948.0,Medicare,mock_source_v2,vol_export_final.csv
NovantHlth,,Northern Virginia,women's health,Virginia Demo Market,Jan-Mar 2023,730,All Payer,mock_source_v2,provider_volume_2019_2023.csv
vcu,VCU Health System,Richmond,Psychiatry,TBD,2023 Q3,1227,All Payer,mock_source_v2,vol_export_final.csv
Luminis Hlth,Luminis Health,Maryland,EMERGENCY,Virginia Demo Market,2023 Q4,987,All Payer,mock_source_v2,vol_export_FINAL_v2.csv
UVA,UVA Health,Charlottesville,BEHAVIORAL HEALTH,Virginia Demo Market,2021 Q4,449,All Payer,mock_source_v2,vol_export_FINAL_v2.csv
InOva,Inova Health System,Northern Virginia,Cardiac,Virginia Demo Market,Oct-Dec 2023,2765,,mock_source_v2,vol_export_FINAL_v2.csv
VCU HEALTH,VCU Health System,Richmond,BH,Virginia Demo Market,Jan-Mar 2020,882,,mock_source_v2,provider_volume_2019_2023.csv
Bon Secours Health,Bon Secours Mercy Health,Richmond,gi services,Virginia Demo Market,2021 Q1,427,All Payer,mock_source_v2,vol_export_FINAL_v2.csv
Privia Hlth,Privia Health Group,Northern Virginia,ED,Virginia Demo Market,2022 Q2,106,Medicare,mock_source_v2,vol_export_final.csv
Inova Loudoun,Inova Health System,Northern Virginia,Neurological Svcs,Virginia Demo Market,Q3/2020,232,Medicare,mock_source_v2,provider_volume_2019_2023.csv
sentara hlth,Sentara Healthcare,Hampton Roads,oncology,Virginia Demo Market,Q1 2020,832,Medicare,mock_source_v2,provider_volume_2019_2023.csv
Med Star,MedStar Health,DC Metro,Neuro,Virginia Demo Market,Q4-2023,953,All Payer,mock_source_v2,vol_export_final.csv
Inova Health,Inova Health System,Northern Virginia,Emergency,Virginia Demo Market,2023 Q4,3741,All Payer,mock_source_v2,provider_volume_2019_2023.csv
Virginia Commonwealth,VCU Health System,Richmond,ER Services,Virginia Demo Market,Q1 2021,1822.0,All Payer,mock_source_v2,vol_export_final.csv
Carilion,Carilion Clinic,Roanoke,orthopaedics,Virginia Demo Market,2022-Q1,660,Medicare,mock_source_v2,provider_volume_2019_2023.csv
Inova Loudoun,Inova Health System,Northern Virginia,Emergency,Virginia Demo Market,2021-Q1,1073,All Payer,mock_source_v2,vol_export_final.csv
BSMH,Bon Secours Mercy Health,Richmond,CARD,Virginia Demo Market,Apr-Jun 2021,854.0,All Payer,mock_source_v2,vol_export_FINAL_v2.csv
Privia Hlth,Privia Health Group,Northern Virginia,cancer,Virginia Demo Market,Oct-Dec 2022,173,Commercial,mock_source_v2,vol_export_FINAL_v2.csv
inova loudoun,Inova Health System,Northern Virginia,gastro,Virginia Demo Market,2019 Q3,249,All Payer,mock_source_v2,provider_volume_2019_2023.csv
Sentara Healthcare,Sentara Healthcare,Hampton Roads,E.D.,Virginia Demo Market,2019 Q4,2294,All Payer,mock_source_v2,vol_export_FINAL_v2.csv
MEDSTAR,MedStar Health,DC Metro,ORTHOPEDICS,Virginia Demo Market,Q4-2019,1004,Medicare,mock_source_v2,vol_export_final.csv
Privia,Privia Health Group,Northern Virginia,Mental Health,Virginia Demo Market,Q2 2019,297,All Payer,mock_source_v2,vol_export_final.csv
novant health,Novant Health,Northern Virginia,EMERGENCY,Virginia Demo Market,Jan-Mar 2019,1002,Unknown,mock_source_v2,vol_export_FINAL_v2.csv
hca hlth va,HCA Healthcare,Richmond,cardiac services,Virginia Demo Market,2022-Q2,1116,Unknown,mock_source_v2,provider_volume_2019_2023.csv
Bon Secours Health,Bon Secours Mercy Health,Richmond,ortho,Virginia Demo Market,Q3-2022,1303,All Payer,mock_source_v2,vol_export_final.csv
Sentara Healthcare,Sentara Healthcare,Hampton Roads,cancer,Virginia Demo Market,Q4-2023,858 cases,Medicare,mock_source_v2,provider_volume_2019_2023.csv
Novant,Novant Health,Northern Virginia,GI Services,Virginia Demo Market,Jul-Sep 2019,303,Medicare,mock_source_v2,vol_export_FINAL_v2.csv
inova,Inova Health System,Northern Virginia,ONCOLOGY,Virginia Demo Market,Jan-Mar 2023,1463,Medicare,mock_source_v2,vol_export_final.csv
INOVA Loudoun,,Northern Virginia,Cardiology,Virginia Demo Market,Q3 2023,618,All Payer,mock_source_v2,vol_export_FINAL_v2.csv
bon secours,Bon Secours Mercy Health,Richmond,emergency services,Virginia Demo Market,2019-Q2,1335,All Payer,mock_source_v2,vol_export_final.csv
NOVANT,Novant Health,Northern Virginia,Neurology,Virginia Demo Market,Oct-Dec 2019,363,All Payer,mock_source_v2,provider_volume_2019_2023.csv
Privia Hlth,Privia Health Group,Northern Virginia,Womens Health,Virginia Demo Market,Q4/2022,614,All Payer,mock_source_v2,vol_export_final.csv
Bon Secours Mercy,Bon Secours Mercy Health,Richmond,Behavioral Health,Virginia Demo Market,2021-Q2,217,Medicaid,mock_source_v2,vol_export_final.csv
MEDSTAR HEALTH,MedStar Health,DC Metro,neurology,Virginia Demo Market,Q1/2022,866,Medicare,mock_source_v2,vol_export_final.csv
UVA,UVA Health,Charlottesville,ORTHOPEDICS,Virginia Demo Market,Apr-Jun 2023,1035,Medicaid,mock_source_v2,vol_export_final.csv
Inova Loudoun Hospital,Inova Health System,Northern Virginia,CARDIOLOGY,Virginia Demo Market,2021 Q2,614,All Payer,mock_source_v2,provider_volume_2019_2023.csv
Bon Secours Mercy,Bon Secours Mercy Health,Richmond,ONC,Virginia Demo Market,Q2-2019,391,Commercial,mock_source_v2,provider_volume_2019_2023.csv
Bon Secours Health,Bon Secours Mercy Health,Richmond,BH,Virginia Demo Market,Q3-2020,168,Commercial,mock_source_v2,vol_export_FINAL_v2.csv
MedStar,MedStar Health,DC Metro,Mental Health,Virginia Demo Market,2022-Q4,624,,mock_source_v2,provider_volume_2019_2023.csv
Loudoun Hospital,Inova Health System,Northern Virginia,oncology,Virginia Demo Market,2021-Q3,309,All Payer,mock_source_v2,vol_export_FINAL_v2.csv
uva health,UVA Health,Charlottesville,Womens Health,Virginia Demo Market,Q4/2019,851,All Payer,mock_source_v2,vol_export_FINAL_v2.csv
PRIVIA,Privia Health Group,Northern Virginia,Psych,Virginia Demo Market,Apr-Jun 2020,151,Commercial,mock_source_v2,vol_export_FINAL_v2.csv
Privia Hlth,Privia Health Group,Northern Virginia,BEHAVIORAL HEALTH,National,Q3/2020,268,Medicare,mock_source_v2,provider_volume_2019_2023.csv
Bon Secours Mercy,Bon Secours Mercy Health,Richmond,Heart Services,Virginia Demo Market,Q1 2022,1011,All Payer,mock_source_v2,vol_export_final.csv
BON SECOURS,Bon Secours Mercy Health,Richmond,Ob-Gyn,Virginia Demo Market,Q1/2023,1326,All Payer,mock_source_v2,vol_export_final.csv
HCA,,Richmond,ORTHO,Virginia Demo Market,Jan-Mar 2019,1168,Medicare,mock_source_v2,vol_export_final.csv
NovantHlth,Novant Health,Northern Virginia,Cardiology,Virginia Demo Market,Q4-2020,735,Medicare,mock_source_v2,vol_export_FINAL_v2.csv
HCA Virginia,HCA Healthcare,Richmond,Musculoskeletal,Virginia Demo Market,2022-Q2,1550,Medicare,mock_source_v2,vol_export_final.csv
Carilion Clinic,Carilion Clinic,Roanoke,NEURO,Virginia Demo Market,2020-Q4,666,All Payer,mock_source_v2,vol_export_final.csv
privia health,Privia Health Group,Northern Virginia,NEURO,Virginia Demo Market,2019 Q2,204,Unknown,mock_source_v2,provider_volume_2019_2023.csv
MEDSTAR,MedStar Health,DC Metro,behav hlth,Virginia Demo Market,Apr-Jun 2021,551,Medicaid,mock_source_v2,vol_export_FINAL_v2.csv
UVA,UVA Health,Charlottesville,Musculoskeletal,Virginia Demo Market,2022-Q2,977,All Payer,mock_source_v2,vol_export_FINAL_v2.csv
inova,,Northern Virginia,ortho,Virginia Demo Market,2023 Q3,2547,Medicare,mock_source_v2,provider_volume_2019_2023.csv
Sentara Healthcare,,Hampton Roads,Womens Health,Virginia Demo Market,Apr-Jun 2020,715,All Payer,mock_source_v2,provider_volume_2019_2023.csv
VCU HEALTH,VCU Health System,Richmond,ortho,Virginia Demo Market,2021-Q1,n/a,All Payer,mock_source_v2,vol_export_final.csv
Novant Health,Novant Health,Northern Virginia,Oncology,Virginia Demo Market,2022-Q3,311,Medicare,mock_source_v2,vol_export_final.csv
Carilion Clinic,Carilion Clinic,Roanoke,ONC,Virginia Demo Market,Q1/2020,565,,mock_source_v2,vol_export_FINAL_v2.csv
MEDSTAR,MedStar Health,DC Metro,Cardiology,Virginia Demo Market,Oct-Dec 2021,1506,All Payer,mock_source_v2,provider_volume_2019_2023.csv
inova,,Northern Virginia,onc.,Virginia Demo Market,Q1 2021,1404,Unknown,mock_source_v2,provider_volume_2019_2023.csv
LUMINIS HEALTH,Luminis Health,Maryland,GI Services,Virginia Demo Market,Jul-Sep 2020,239,All Payer,mock_source_v2,provider_volume_2019_2023.csv
vcu health,VCU Health System,Richmond,GI,Virginia Demo Market,2020-Q2,,Medicare,mock_source_v2,provider_volume_2019_2023.csv
NOVANT HEALTH,Novant Health,Northern Virginia,ONC,Virginia Demo Market,Q1-2020,289,Commercial,mock_source_v2,provider_volume_2019_2023.csv
Carilion,Carilion Clinic,Roanoke,Heart Services,Virginia Demo Market,2021 Q1,842,All Payer,mock_source_v2,vol_export_final.csv
Inova Health,Inova Health System,Northern Virginia,cardiac services,Virginia Demo Market,Q4-2022,2670,Medicaid,mock_source_v2,provider_volume_2019_2023.csv
Sentara Health,Sentara Healthcare,Hampton Roads,women's health,Virginia Demo Market,2020-Q4,1335,Unknown,mock_source_v2,vol_export_final.csv
Bon Secours Mercy,Bon Secours Mercy Health,Richmond,Emergency,Virginia Demo Market,Jan-Mar 2019,1570,Medicare,mock_source_v2,vol_export_FINAL_v2.csv
HCA Virginia,HCA Healthcare,Richmond,cardiac services,Virginia Demo Market,Q3 2022,1086,Medicare,mock_source_v2,provider_volume_2019_2023.csv
INOVA,Inova Health System,Northern Virginia,cardiology,Virginia Demo Market,Jul-Sep 2020,1681,Commercial,mock_source_v2,provider_volume_2019_2023.csv
MEDSTAR HEALTH,MedStar Health,DC Metro,emergency services,Virginia Demo Market,Q2/2019,1747,Medicare,mock_source_v2,vol_export_final.csv
Inova Loudoun Hospital,Inova Health System,Northern Virginia,ONCOLOGY,Virginia Demo Market,Jan-Mar 2022,315,All Payer,mock_source_v2,vol_export_FINAL_v2.csv
vcu health,VCU Health System,Richmond,oncology,Virginia Demo Market,Q1/2019,2786,All Payer,mock_source_v2,vol_export_final.csv
Privia Hlth,Privia Health Group,Northern Virginia,Mental Health,Virginia Demo Market,Q4/2023,463,Medicare,mock_source_v2,provider_volume_2019_2023.csv
INOVA,Inova Health System,Northern Virginia,behavioral health,Virginia Demo Market,Q3 2020,528,All Payer,mock_source_v2,vol_export_FINAL_v2.csv
Inova Loudoun,,Northern Virginia,Oncology Services,Virginia Demo Market,Q2-2023,311,Unknown,mock_source_v2,provider_volume_2019_2023.csv
CARILION CLINIC,Carilion Clinic,Roanoke,Oncology,Virginia Demo Market,2020-Q3,492,Medicare,mock_source_v2,provider_volume_2019_2023.csv
novant health,Novant Health,Northern Virginia,cardiac services,Virginia Demo Market,Q1-2020,752,All Payer,mock_source_v2,provider_volume_2019_2023.csv
MedStar,MedStar Health,DC Metro,Women's Health,Virginia Demo Market,Q3-2020,915,Medicare,mock_source_v2,provider_volume_2019_2023.csv
HCA,HCA Healthcare,Richmond,Women's Health,Virginia Demo Market,Jul-Sep 2023,1047,All Payer,mock_source_v2,vol_export_FINAL_v2.csv
LUMINIS HEALTH,Luminis Health,Maryland,behav hlth,Virginia Demo Market,Q4/2023,249,Medicare,mock_source_v2,vol_export_final.csv
PRIVIA HEALTH GROUP,Privia Health Group,Northern Virginia,E.D.,Virginia Demo Market,Q3/2020,77,Commercial,mock_source_v2,vol_export_final.csv
Luminis,Luminis Health,Maryland,Neuro,Virginia Demo Market,2022 Q3,354,All Payer,mock_source_v2,provider_volume_2019_2023.csv
HCA VIRGINIA,HCA Healthcare,Richmond,ORTHOPEDICS,Virginia Demo Market,Q2 2020,671,All Payer,mock_source_v2,provider_volume_2019_2023.csv
Sentara Healthcare,Sentara Healthcare,Hampton Roads,Orthopedics,Virginia Demo Market,Q4-2021,1411,All Payer,mock_source_v2,provider_volume_2019_2023.csv
HCA VIRGINIA,HCA Healthcare,Richmond,Musculoskeletal,Virginia Demo Market,2022 Q1,"1,202",All Payer,mock_source_v2,vol_export_FINAL_v2.csv
sentara hlth,Sentara Healthcare,Hampton Roads,Neuro,Virginia Demo Market,2021-Q1,793,,mock_source_v2,vol_export_FINAL_v2.csv
Carilion Clinic,Carilion Clinic,Roanoke,women's health,Virginia Demo Market,Q3-2019,771,All Payer,mock_source_v2,vol_export_final.csv
HCA Healthcare VA,HCA Healthcare,Richmond,emergency services,Virginia Demo Market,Q2/2023,2140,All Payer,mock_source_v2,vol_export_final.csv
HCA,HCA Healthcare,Richmond,Neurology,Virginia Demo Market,Q2/2023,506,Unknown,mock_source_v2,vol_export_FINAL_v2.csv
Inova Health,Inova Health System,Northern Virginia,OB/GYN,Virginia Demo Market,Q3 2021,"1,990",Commercial,mock_source_v2,provider_volume_2019_2023.csv
Inova Loudoun Hospital,Inova Health System,Northern Virginia,cardiac services,Virginia Demo Market,2020-Q1,596,All Payer,mock_source_v2,provider_volume_2019_2023.csv
Luminis,Luminis Health,Maryland,Cardiac,Virginia Demo Market,2021 Q1,680,Commercial,mock_source_v2,vol_export_FINAL_v2.csv
Novant,Novant Health,Northern Virginia,Emergency,Virginia Demo Market,2023 Q2,974,Commercial,mock_source_v2,provider_volume_2019_2023.csv
U.V.A. Health,UVA Health,Charlottesville,BH,Virginia Demo Market,2019-Q4,421,All Payer,mock_source_v2,vol_export_final.csv
Carilion Clinic,Carilion Clinic,Roanoke,ORTHO,Virginia Demo Market,Q2-2021,779,,mock_source_v2,vol_export_FINAL_v2.csv
Sentara Health,,Hampton Roads,ORTHOPEDICS,Virginia Demo Market,2022-Q4,1450,Commercial,mock_source_v2,vol_export_FINAL_v2.csv
InOva,Inova Health System,Northern Virginia,GASTROENTEROLOGY,Virginia Demo Market,2019 Q1,858,Unknown,mock_source_v2,vol_export_FINAL_v2.csv
sentara hlth,,Hampton Roads,MSK,Virginia Demo Market,2020 Q2,671,All Payer,mock_source_v2,provider_volume_2019_2023.csv
UVA,UVA Health,Charlottesville,Cancer Services,Virginia Demo Market,Q4-2022,1352.0,Commercial,mock_source_v2,vol_export_FINAL_v2.csv
Privia Health,Privia Health Group,Northern Virginia,Cardiology,Virginia Demo Market,Q3-2023,510,Unknown,mock_source_v2,vol_export_FINAL_v2.csv
privia health,Privia Health Group,Northern Virginia,Neurology,Virginia Demo Market,Q3-2022,241,All Payer,mock_source_v2,provider_volume_2019_2023.csv
PRIVIA HEALTH GROUP,Privia Health Group,Northern Virginia,emergency services,Virginia Demo Market,2021 Q1,123,Unknown,mock_source_v2,vol_export_FINAL_v2.csv
CARILION,Carilion Clinic,Roanoke,GASTROENTEROLOGY,Virginia Demo Market,Q3 2023,427,Medicare,mock_source_v2,vol_export_final.csv
INOVA HEALTH SYSTEM,Inova Health System,Northern Virginia,Orthopedic,Virginia Demo Market,Q1/2019,"2,578",Unknown,mock_source_v2,provider_volume_2019_2023.csv
U.V.A. Health,UVA Health,Charlottesville,GI Services,Virginia Demo Market,Oct-Dec 2019,484,Medicare,mock_source_v2,vol_export_final.csv
uva health,UVA Health,Charlottesville,Gastro,Virginia Demo Market,Q1 2021,472,Medicaid,mock_source_v2,vol_export_FINAL_v2.csv
VCU Health,,Richmond,CARD,Virginia Demo Market,2023 Q2,1142,All Payer,mock_source_v2,provider_volume_2019_2023.csv
Bon Secours Health,Bon Secours Mercy Health,Richmond,Neurological Svcs,Virginia Demo Market,Jul-Sep 2023,408,All Payer,mock_source_v2,provider_volume_2019_2023.csv
MedStar,MedStar Health,DC Metro,ORTHOPEDICS,Virginia Demo Market,2023-Q2,1363,Medicare,mock_source_v2,vol_export_final.csv
UVA,UVA Health,Charlottesville,Womens Health,Virginia Demo Market,Q1 2021,904,Medicaid,mock_source_v2,provider_volume_2019_2023.csv
V.C.U. Health,VCU Health System,Richmond,Psychiatry,Virginia Demo Market,Q1/2021,1060,Medicaid,mock_source_v2,provider_volume_2019_2023.csv
sentara,Sentara Healthcare,Hampton Roads,Mental Health,Virginia Demo Market,Q4-2019,415,All Payer,mock_source_v2,provider_volume_2019_2023.csv
INOVA LOUDOUN,Inova Health System,Northern Virginia,WOMENS HEALTH,Virginia Demo Market,Q2 2021,851,,mock_source_v2,provider_volume_2019_2023.csv
LUMINIS,Luminis Health,Maryland,orthopaedics,Virginia Demo Market,Q1 2019,529,Medicare,mock_source_v2,provider_volume_2019_2023.csv
hca hlth va,HCA Healthcare,Richmond,orthopaedics,Virginia Demo Market,2021 Q1,"1,172",All Payer,mock_source_v2,vol_export_FINAL_v2.csv
NOVANT,Novant Health,Northern Virginia,Gastro,Virginia Demo Market,2023-Q3,344,,mock_source_v2,vol_export_final.csv
NOVANT,Novant Health,Northern Virginia,neuro services,Virginia Demo Market,2020 Q2,166,Medicare,mock_source_v2,vol_export_FINAL_v2.csv
sentara hlth,,Hampton Roads,NEURO,Virginia Demo Market,Q3 2023,845,Unknown,mock_source_v2,provider_volume_2019_2023.csv
Privia,Privia Health Group,Northern Virginia,Oncology,Virginia Demo Market,2021-Q3,170,All Payer,mock_source_v2,provider_volume_2019_2023.csv
HCA,HCA Healthcare,Richmond,CARDIOLOGY,Virginia Demo Market,Q3/2021,1021,All Payer,mock_source_v2,provider_volume_2019_2023.csv
Sentara Healthcare,Sentara Healthcare,Hampton Roads,ED,Virginia Demo Market,2019 Q2,2120,Commercial,mock_source_v2,vol_export_final.csv
MEDSTAR,MedStar Health,DC Metro,Women,Virginia Demo Market,2023-Q2,1155,,mock_source_v2,vol_export_final.csv
inova loudoun,Inova Health System,Northern Virginia,GI Services,Virginia Demo Market,Apr-Jun 2020,122,Unknown,mock_source_v2,vol_export_final.csv
inova health,Inova Health System,Northern Virginia,Orthopedic,Virginia Demo Market,2021-Q1,2408 cases,Medicare,mock_source_v2,provider_volume_2019_2023.csv
UVA Health,UVA Health,Charlottesville,Cardiology,Virginia Demo Market,Q2 2023,991,Medicare,mock_source_v2,vol_export_FINAL_v2.csv
HCA,HCA Healthcare,Richmond,Womens Health,Virginia Demo Market,2019 Q2,1056,Commercial,mock_source_v2,vol_export_final.csv
VCU Medical Center,VCU Health System,Richmond,cardiac services,Virginia Demo Market,2023 Q4,1282,,mock_source_v2,vol_export_FINAL_v2.csv
Sentara,Sentara Healthcare,Hampton Roads,Womens Health,Virginia Demo Market,Jul-Sep 2019,1613,All Payer,mock_source_v2,vol_export_final.csv
Inova Loudoun,Inova Health System,Northern Virginia,womens hlth,Virginia Demo Market,Q3 2020,667,Unknown,mock_source_v2,vol_export_FINAL_v2.csv
VCU Medical Center,,Richmond,Oncology Services,Virginia Demo Market,2022-Q4,"3,361",Unknown,mock_source_v2,vol_export_FINAL_v2.csv
U.V.A. Health,UVA Health,Charlottesville,Gastro,Virginia Demo Market,Q3/2023,550,Medicare,mock_source_v2,vol_export_final.csv
BSMH,Bon Secours Mercy Health,Richmond,cardiac services,Virginia Demo Market,2023 Q2,896,All Payer,mock_source_v2,vol_export_final.csv
sentara hlth,Sentara Healthcare,Hampton Roads,Cancer Services,Virginia Demo Market,Q2-2021,897,All Payer,mock_source_v2,provider_volume_2019_2023.csv
hca virginia,HCA Healthcare,Richmond,BH,Virginia Demo Market,Q3-2023,347,Medicaid,mock_source_v2,vol_export_final.csv
sentara hlth,,Hampton Roads,MSK,Virginia Demo Market,Q1 2021,1257,Commercial,mock_source_v2,provider_volume_2019_2023.csv
sentara hlth,Sentara Healthcare,Hampton Roads,Neurology,Virginia Demo Market,Jul-Sep 2019,724.0,Medicare,mock_source_v2,vol_export_FINAL_v2.csv
Bon Secours,Bon Secours Mercy Health,Richmond,Gastroenterology,Virginia Demo Market,Q3/2021,475,Medicare,mock_source_v2,vol_export_final.csv
PRIVIA,,Northern Virginia,ORTHOPEDICS,TBD,Q3/2022,473,Medicare,mock_source_v2,provider_volume_2019_2023.csv
inova loudoun,Inova Health System,Northern Virginia,Orthopedics,Virginia Demo Market,Jul-Sep 2021,791,All Payer,mock_source_v2,vol_export_FINAL_v2.csv
carilion clinic,Carilion Clinic,Roanoke,Womens Health,Virginia Demo Market,Q4/2023,769,All Payer,mock_source_v2,vol_export_final.csv
MEDSTAR HEALTH,MedStar Health,DC Metro,Psych,Virginia Demo Market,Q3/2019,505,Medicaid,mock_source_v2,vol_export_FINAL_v2.csv
SENTARA,Sentara Healthcare,Hampton Roads,Neurology,Virginia Demo Market,Q4-2022,864,All Payer,mock_source_v2,vol_export_final.csv
inova,Inova Health System,Northern Virginia,Psychiatry,Virginia Demo Market,Jan-Mar 2021,652,Medicare,mock_source_v2,vol_export_FINAL_v2.csv
,,,,,,,,,
privia health,,Northern Virginia,Musculoskeletal,Virginia Demo Market,Q3/2023,501,Medicare,mock_source_v2,vol_export_final.csv
Bon Secours Mercy,,Richmond,Heart Services,Virginia Demo Market,Jan-Mar 2019,925,Medicare,mock_source_v2,vol_export_final.csv
Luminis Health,Luminis Health,Maryland,Neurology,Virginia Demo Market,Q1/2019,353,Medicare,mock_source_v2,provider_volume_2019_2023.csv
hca hlth va,HCA Healthcare,Richmond,Orthopedic,Virginia Demo Market,2023 Q1,1283,All Payer,mock_source_v2,provider_volume_2019_2023.csv
Luminis,Luminis Health,Maryland,ER Services,Virginia Demo Market,Q3-2020,706,Unknown,mock_source_v2,vol_export_final.csv
LUMINIS HEALTH,Luminis Health,Maryland,cancer,Virginia Demo Market,Q1/2019,408,All Payer,mock_source_v2,vol_export_FINAL_v2.csv
uva health,UVA Health,Charlottesville,Womens Health,Virginia Demo Market,Jan-Mar 2022,879,All Payer,mock_source_v2,vol_export_final.csv
SENTARA HEALTH,Sentara Healthcare,Hampton Roads,card.,Virginia Demo Market,Q1/2022,1736,,mock_source_v2,vol_export_final.csv
vcu,VCU Health System,Richmond,behav hlth,Virginia Demo Market,Q3/2020,792,All Payer,mock_source_v2,vol_export_FINAL_v2.csv
Inova Loudoun,Inova Health System,Northern Virginia,cancer,Virginia Demo Market,Jul-Sep 2020,,All Payer,mock_source_v2,vol_export_final.csv
sentara,Sentara Healthcare,Hampton Roads,oncology,Virginia Demo Market,2023-Q1,881,Medicaid,mock_source_v2,provider_volume_2019_2023.csv
Med Star,MedStar Health,DC Metro,CARD,Virginia Demo Market,Q1 2020,"1,373",Medicare,mock_source_v2,vol_export_final.csv
HCA,HCA Healthcare,Richmond,NEURO,Virginia Demo Market,2022-Q4,546,Medicare,mock_source_v2,provider_volume_2019_2023.csv
MedStar Health,,DC Metro,Neurological Svcs,Virginia Demo Market,2019 Q1,796,Medicare,mock_source_v2,provider_volume_2019_2023.csv
NOVANT,Novant Health,Northern Virginia,Cancer Services,Virginia Demo Market,2020-Q2,142,Medicare,mock_source_v2,provider_volume_2019_2023.csv
Novant Health,Novant Health,Northern Virginia,onc.,Virginia Demo Market,Q2/2023,338,Medicare,mock_source_v2,vol_export_FINAL_v2.csv
MedStar Health,,DC Metro,Musculoskeletal,Virginia Demo Market,Q1-2021,"1,003",All Payer,mock_source_v2,vol_export_FINAL_v2.csv
VCU Health,VCU Health System,Richmond,ED,Virginia Demo Market,Oct-Dec 2021,1828,Medicare,mock_source_v2,provider_volume_2019_2023.csv
hca hlth va,HCA Healthcare,Richmond,Oncology,Virginia Demo Market,2022 Q2,494,,mock_source_v2,vol_export_final.csv
Med Star,MedStar Health,DC Metro,neuro services,Virginia Demo Market,Q1-2020,797,All Payer,mock_source_v2,vol_export_FINAL_v2.csv
INOVA LOUDOUN,Inova Health System,Northern Virginia,card.,Virginia Demo Market,2020-Q3,460,Medicare,mock_source_v2,vol_export_FINAL_v2.csv
NOVANT HEALTH,Novant Health,Northern Virginia,card.,Virginia Demo Market,2020 Q3,530,Medicare,mock_source_v2,vol_export_final.csv
VCU Medical Center,VCU Health System,Richmond,Behavioral Health,Virginia Demo Market,Jan-Mar 2023,1214,All Payer,mock_source_v2,provider_volume_2019_2023.csv
sentara hlth,Sentara Healthcare,Hampton Roads,gastro,Virginia Demo Market,Q4 2023,767,All Payer,mock_source_v2,vol_export_final.csv
Novant,Novant Health,Northern Virginia,onc.,Virginia Demo Market,2020 Q4,276,Medicaid,mock_source_v2,vol_export_FINAL_v2.csv
Bon Secours Health,Bon Secours Mercy Health,Richmond,Psych,Virginia Demo Market,Q4-2023,229,All Payer,mock_source_v2,vol_export_final.csv
NovantHlth,Novant Health,Northern Virginia,ortho,Virginia Demo Market,Jan-Mar 2021,781,Medicaid,mock_source_v2,vol_export_final.csv
MedStar,MedStar Health,DC Metro,emergency services,Virginia Demo Market,2019-Q4,"1,909",Commercial,mock_source_v2,provider_volume_2019_2023.csv
Loudoun Hospital,Inova Health System,Northern Virginia,Oncology Services,Virginia Demo Market,2020 Q4,265,Medicare,mock_source_v2,provider_volume_2019_2023.csv
Inova Loudoun Hospital,Inova Health System,Northern Virginia,ER Services,Virginia Demo Market,Q2-2021,917,Commercial,mock_source_v2,vol_export_FINAL_v2.csv
Carilion Clinic,Carilion Clinic,Roanoke,ortho,Virginia Demo Market,Q1/2020,583,All Payer,mock_source_v2,vol_export_final.csv
UVA Healthcare,UVA Health,Charlottesville,onc.,Virginia Demo Market,Q1/2019,"1,245",,mock_source_v2,provider_volume_2019_2023.csv
Carilion Clinic,Carilion Clinic,Roanoke,Emerg Svcs,Virginia Demo Market,Q1/2022,1231,All Payer,mock_source_v2,vol_export_FINAL_v2.csv
carilion clinic,Carilion Clinic,Roanoke,gastro,Virginia Demo Market,2023 Q4,396,Medicare,mock_source_v2,provider_volume_2019_2023.csv
Luminis,Luminis Health,Maryland,gi services,Virginia Demo Market,Q1-2022,282,Medicare,mock_source_v2,vol_export_final.csv
inova health,Inova Health System,Northern Virginia,NEUROLOGY,Virginia Demo Market,2020 Q4,1015,,mock_source_v2,provider_volume_2019_2023.csv
CARILION,Carilion Clinic,Roanoke,Cardiac,Virginia Demo Market,Q1-2020,822,All Payer,mock_source_v2,vol_export_final.csv
HCA Healthcare VA,HCA Healthcare,Richmond,NEUROLOGY,Virginia Demo Market,Q1 2021,513.0,,mock_source_v2,vol_export_FINAL_v2.csv
Inova Health,Inova Health System,Northern Virginia,Neuro,Virginia Demo Market,Q4-2023,1230,,mock_source_v2,vol_export_final.csv
MedStar,MedStar Health,DC Metro,neuro services,Virginia Demo Market,Q4-2021,871,Medicare,mock_source_v2,vol_export_FINAL_v2.csv
Novant,Novant Health,Northern Virginia,WOMENS HEALTH,Virginia Demo Market,Q4 2022,767,Medicare,mock_source_v2,vol_export_FINAL_v2.csv
Luminis Hlth,Luminis Health,Maryland,womens hlth,Virginia Demo Market,Jan-Mar 2019,,All Payer,mock_source_v2,provider_volume_2019_2023.csv
MEDSTAR HEALTH,MedStar Health,DC Metro,ONCOLOGY,Virginia Demo Market,Jan-Mar 2021,927,Commercial,mock_source_v2,provider_volume_2019_2023.csv
sentara,Sentara Healthcare,Hampton Roads,cardiac services,Virginia Demo Market,Apr-Jun 2022,1610,Medicare,mock_source_v2,provider_volume_2019_2023.csv
VCU HEALTH,VCU Health System,Richmond,neurology,Virginia Demo Market,Jul-Sep 2020,1182,Medicare,mock_source_v2,provider_volume_2019_2023.csv
Loudoun Hospital,Inova Health System,Northern Virginia,behavioral health,Virginia Demo Market,Q3-2019,148,Medicare,mock_source_v2,vol_export_final.csv
privia health,,Northern Virginia,cardiology,Virginia Demo Market,Q2/2021,444,Medicare,mock_source_v2,vol_export_FINAL_v2.csv
Carilion Clinic,Carilion Clinic,Roanoke,CARDIOLOGY,Virginia Demo Market,2020-Q4,763.0,Medicare,mock_source_v2,provider_volume_2019_2023.csv
CARILION,Carilion Clinic,Roanoke,Gastroenterology,Virginia Demo Market,Q2/2023,441,Medicaid,mock_source_v2,vol_export_final.csv
NOVANT,Novant Health,Northern Virginia,NEURO,Virginia Demo Market,Q4/2023,426,All Payer,mock_source_v2,vol_export_final.csv
carilion clinic,Carilion Clinic,Roanoke,Cardiac,Virginia Demo Market,Q3-2022,744,All Payer,mock_source_v2,provider_volume_2019_2023.csv
LUMINIS HEALTH,Luminis Health,Maryland,ONCOLOGY,Virginia Demo Market,Jul-Sep 2021,399,Commercial,mock_source_v2,vol_export_final.csv
Privia,Privia Health Group,Northern Virginia,ortho,Virginia Demo Market,2021 Q3,440,Commercial,mock_source_v2,vol_export_FINAL_v2.csv
VCU,VCU Health System,Richmond,neurology,Virginia Demo Market,2022 Q3,1585,,mock_source_v2,vol_export_final.csv
HCA VIRGINIA,HCA Healthcare,Richmond,neurology,Virginia Demo Market,Apr-Jun 2022,499,Commercial,mock_source_v2,provider_volume_2019_2023.csv
Inova,Inova Health System,Northern Virginia,NEUROLOGY,Virginia Demo Market,2019-Q2,1065,All Payer,mock_source_v2,provider_volume_2019_2023.csv
vcu,,Richmond,BEHAVIORAL HEALTH,Virginia Demo Market,Q1-2022,1074,Medicaid,mock_source_v2,provider_volume_2019_2023.csv
INOVA HEALTH SYSTEM,Inova Health System,Northern Virginia,Cardiology,Virginia Demo Market,2021 Q3,2084,Medicare,mock_source_v2,vol_export_final.csv
hca virginia,HCA Healthcare,Richmond,G.I.,Virginia Demo Market,2022 Q3,563,Medicare,mock_source_v2,vol_export_final.csv
VCU,,Richmond,Emergency,Virginia Demo Market,Q2-2023,1772,Medicaid,mock_source_v2,vol_export_FINAL_v2.csv
Loudoun Hospital,Inova Health System,Northern Virginia,Orthopedics,Virginia Demo Market,Q1 2021,643,Medicare,mock_source_v2,provider_volume_2019_2023.csv
U.V.A. Health,UVA Health,Charlottesville,ER Services,Virginia Demo Market,Q1 2019,1369,Medicare,mock_source_v2,vol_export_FINAL_v2.csv
MEDSTAR,MedStar Health,DC Metro,EMERGENCY,Virginia Demo Market,Jan-Mar 2023,2155,All Payer,mock_source_v2,vol_export_final.csv
Bon Secours Mercy,Bon Secours Mercy Health,Richmond,Musculoskeletal,Virginia Demo Market,Q4 2020,954,All Payer,mock_source_v2,provider_volume_2019_2023.csv
CARILION,Carilion Clinic,Roanoke,ED,Virginia Demo Market,2020 Q1,1147,All Payer,mock_source_v2,vol_export_FINAL_v2.csv
VCU HEALTH,VCU Health System,Richmond,neuro services,Virginia Demo Market,Q4 2021,1579,All Payer,mock_source_v2,vol_export_FINAL_v2.csv
Privia,Privia Health Group,Northern Virginia,Musculoskeletal,Virginia Demo Market,Q1/2022,389,Medicare,mock_source_v2,provider_volume_2019_2023.csv
medstar health,MedStar Health,DC Metro,Neurology,Virginia Demo Market,Q4 2022,899,Medicare,mock_source_v2,vol_export_final.csv
VCU Medical Center,VCU Health System,Richmond,behavioral health,Virginia Demo Market,2022-Q2,1122,Commercial,mock_source_v2,vol_export_final.csv
Inova Loudoun Hospital,Inova Health System,Northern Virginia,neuro services,Virginia Demo Market,2023-Q1,340,Medicare,mock_source_v2,vol_export_FINAL_v2.csv
Inova,Inova Health System,Northern Virginia,Neurological Svcs,Virginia Demo Market,2021-Q2,1113,All Payer,mock_source_v2,vol_export_final.csv
Privia Health,Privia Health Group,Northern Virginia,cancer,Virginia Demo Market,Jan-Mar 2021,169,Medicaid,mock_source_v2,vol_export_FINAL_v2.csv
Luminis Health,Luminis Health,Maryland,ONCOLOGY,Virginia Demo Market,Q4-2021,420,Unknown,mock_source_v2,vol_export_FINAL_v2.csv
Inova Loudoun Hospital,Inova Health System,Northern Virginia,Mental Health,Virginia Demo Market,Q2/2022,186,All Payer,mock_source_v2,vol_export_final.csv
carilion clinic,Carilion Clinic,Roanoke,Cardiology,Virginia Demo Market,Q2-2020,342,,mock_source_v2,vol_export_final.csv
VCU Health,VCU Health System,Richmond,WOMENS HEALTH,Virginia Demo Market,2022-Q2,861,All Payer,mock_source_v2,provider_volume_2019_2023.csv
Sentara,Sentara Healthcare,Hampton Roads,neuro services,National,Q2/2022,807,Medicare,mock_source_v2,vol_export_FINAL_v2.csv
Bon Secours Mercy,Bon Secours Mercy Health,Richmond,Cardiac,Virginia Demo Market,Jul-Sep 2022,NULL,Commercial,mock_source_v2,vol_export_final.csv
hca virginia,HCA Healthcare,Richmond,Oncology,Virginia Demo Market,Q4/2021,493,,mock_source_v2,vol_export_FINAL_v2.csv
U.V.A. Health,UVA Health,Charlottesville,onc.,Virginia Demo Market,Q3-2020,953,Commercial,mock_source_v2,vol_export_final.csv
UNIVERSITY OF VIRGINIA HEALTH,UVA Health,Charlottesville,Neuro,Virginia Demo Market,2019 Q1,905,Medicare,mock_source_v2,vol_export_FINAL_v2.csv
MedStar Health,MedStar Health,DC Metro,Women,Virginia Demo Market,2023 Q3,1184,All Payer,mock_source_v2,vol_export_final.csv
InOva,Inova Health System,Northern Virginia,onc.,Virginia Demo Market,2022 Q3,"1,419",Commercial,mock_source_v2,provider_volume_2019_2023.csv
HCA Healthcare VA,,Richmond,Neuro,Virginia Demo Market,2023-Q1,532,Medicare,mock_source_v2,provider_volume_2019_2023.csv
Inova Loudoun Hospital,Inova Health System,Northern Virginia,CARDIOLOGY,Virginia Demo Market,2020 Q4,608,All Payer,mock_source_v2,vol_export_FINAL_v2.csv
INOVA HEALTH SYSTEM,Inova Health System,Northern Virginia,WOMENS HEALTH,Virginia Demo Market,2023-Q2,2036,Commercial,mock_source_v2,vol_export_FINAL_v2.csv
Inova Loudoun,Inova Health System,Northern Virginia,Musculoskeletal,Virginia Demo Market,Q1-2022,692,All Payer,mock_source_v2,vol_export_final.csv
SENTARA,Sentara Healthcare,Hampton Roads,Cardiac,Virginia Demo Market,2023 Q3,1725,,mock_source_v2,vol_export_FINAL_v2.csv
NOVANT,Novant Health,Northern Virginia,Orthopedic,Virginia Demo Market,Q3 2021,947,Commercial,mock_source_v2,vol_export_FINAL_v2.csv
Privia,Privia Health Group,Northern Virginia,onc.,Virginia Demo Market,2019-Q4,155,Medicare,mock_source_v2,vol_export_final.csv
medstar health,,DC Metro,CARD,Virginia Demo Market,Apr-Jun 2022,1313,,mock_source_v2,provider_volume_2019_2023.csv
PRIVIA HEALTH GROUP,Privia Health Group,Northern Virginia,ONC,National,2023-Q1,180,All Payer,mock_source_v2,provider_volume_2019_2023.csv
HCA Virginia,HCA Healthcare,Richmond,NEURO,Virginia Demo Market,Q2/2021,486,Medicare,mock_source_v2,vol_export_FINAL_v2.csv
VCU Health,VCU Health System,Richmond,GI Services,Virginia Demo Market,2023 Q4,626,Medicare,mock_source_v2,vol_export_FINAL_v2.csv
CARILION,Carilion Clinic,Roanoke,Psychiatry,Virginia Demo Market,Q1-2023,404,All Payer,mock_source_v2,provider_volume_2019_2023.csv
Virginia Commonwealth,VCU Health System,Richmond,cardiology,Virginia Demo Market,Q3 2023,1111,All Payer,mock_source_v2,provider_volume_2019_2023.csv
INOVA LOUDOUN,Inova Health System,Northern Virginia,Women,Virginia Demo Market,Q3/2019,814,Medicare,mock_source_v2,vol_export_final.csv
Privia Hlth,Privia Health Group,Northern Virginia,cardiac services,Virginia Demo Market,2019 Q1,409,Commercial,mock_source_v2,vol_export_FINAL_v2.csv
inova,Inova Health System,Northern Virginia,cancer,Virginia Demo Market,Apr-Jun 2022,1393,Unknown,mock_source_v2,provider_volume_2019_2023.csv
MEDSTAR,MedStar Health,DC Metro,CARD,Virginia Demo Market,Q2-2019,1283,Commercial,mock_source_v2,vol_export_final.csv
inova health,Inova Health System,Northern Virginia,Emerg Svcs,Virginia Demo Market,Q3/2020,2399,All Payer,mock_source_v2,vol_export_FINAL_v2.csv
HCA,HCA Healthcare,Richmond,Heart Services,Virginia Demo Market,Q2-2021,"1,089",Medicare,mock_source_v2,provider_volume_2019_2023.csv
novant health,Novant Health,Northern Virginia,Oncology,Virginia Demo Market,Apr-Jun 2022,318,Medicaid,mock_source_v2,provider_volume_2019_2023.csv
inova health,Inova Health System,Northern Virginia,ortho,Virginia Demo Market,Q1-2020,2353,All Payer,mock_source_v2,provider_volume_2019_2023.csv
NOVANT,Novant Health,Northern Virginia,CARD,Virginia Demo Market,Q4 2023,895,All Payer,mock_source_v2,vol_export_final.csv
HCA Virginia,,Richmond,GI,Virginia Demo Market,2019-Q1,506,Commercial,mock_source_v2,provider_volume_2019_2023.csv
